"cmplnt_num","cmplnt_fr_dt","cmplnt_fr_tm","cmplnt_to_dt","cmplnt_to_tm","addr_pct_cd","rpt_dt","ky_cd","ofns_desc","pd_cd","pd_desc","crm_atpt_cptd_cd","law_cat_cd","boro_nm","loc_of_occur_desc","prem_typ_desc","juris_desc","jurisdiction_code","parks_nm","hadevelopt","housing_psa","x_coord_cd","y_coord_cd","susp_age_group","susp_race","susp_sex","transit_district","latitude","longitude","lat_lon","patrol_boro","station_name","vic_age_group","vic_race","vic_sex"
"10006319","2006-01-04T00:00:00.000","21:06:00","2006-01-04T00:00:00.000","21:15:00","1","2006-01-04T00:00:00.000","578","HARRASSMENT 2","638","HARASSMENT,SUBD 3,4,5","COMPLETED","VIOLATION","MANHATTAN","INSIDE","RESIDENCE - APT. HOUSE","N.Y. POLICE DEPT","0","(null)","(null)","(null)","980240","200825","25-44","ASIAN / PACIFIC ISLANDER","M",,"40.717895","-74.014465","(40.717895, -74.014465)","PATROL BORO MAN SOUTH","(null)","25-44","ASIAN / PACIFIC ISLANDER","F"
"10006320","2006-01-04T00:00:00.000","23:02:00","2006-01-04T00:00:00.000","23:05:00","1","2006-01-04T00:00:00.000","361","OFF. AGNST PUB ORD SENSBLTY &","639","AGGRAVATED HARASSMENT 2","COMPLETED","MISDEMEANOR","MANHATTAN","INSIDE","COMMERCIAL BUILDING","N.Y. POLICE DEPT","0","(null)","(null)","(null)","982060","201099","(null)","WHITE","M",,"40.718649","-74.0079","(40.718649, -74.0079)","PATROL BORO MAN SOUTH","(null)","25-44","WHITE HISPANIC","F"
"10006322","2005-12-30T00:00:00.000","21:00:00",,"(null)","1","2006-01-04T00:00:00.000","341","PETIT LARCENY","338","LARCENY,PETIT FROM BUILDING,UN","COMPLETED","MISDEMEANOR","MANHATTAN","INSIDE","BAR/NIGHT CLUB","N.Y. POLICE DEPT","0","(null)","(null)","(null)","982115","196418","(null)","(null)","(null)",,"40.705799","-74.0077","(40.705799, -74.0077)","PATROL BORO MAN SOUTH","(null)","25-44","WHITE","M"
"10006323","2005-12-30T00:00:00.000","15:30:00","2006-01-03T00:00:00.000","06:00:00","1","2006-01-04T00:00:00.000","107","BURGLARY","213","BURGLARY,COMMERCIAL,NIGHT","COMPLETED","FELONY","MANHATTAN","(null)","CONSTRUCTION SITE","PORT AUTHORITY","3","(null)","(null)","(null)","981256","198319","(null)","(null)","(null)",,"40.71101604","-74.0107995","(40.71101604, -74.0107995)","PATROL BORO MAN SOUTH","(null)","(null)","UNKNOWN","D"
"10006324","2006-01-05T00:00:00.000","03:43:00","2006-01-05T00:00:00.000","03:44:00","1","2006-01-05T00:00:00.000","109","GRAND LARCENY","438","LARCENY,GRAND FROM BUILDING (NON-RESIDENCE) UNATTENDED","COMPLETED","FELONY","MANHATTAN","INSIDE","FERRY/FERRY TERMINAL","N.Y. POLICE DEPT","0","(null)","(null)","(null)","982285","201681","(null)","(null)","(null)",,"40.72025484","-74.00708983","(40.72025484, -74.00708983)","PATROL BORO MAN SOUTH","(null)","18-24","WHITE","F"
"10006325","2006-01-03T00:00:00.000","12:30:00",,"(null)","1","2006-01-04T00:00:00.000","578","HARRASSMENT 2","638","HARASSMENT,SUBD 3,4,5","COMPLETED","VIOLATION","MANHATTAN","INSIDE","PUBLIC SCHOOL","N.Y. POLICE DEPT","0","(null)","(null)","(null)","982755","203171","(null)","(null)","(null)",,"40.724335","-74.00539","(40.724335, -74.00539)","PATROL BORO MAN SOUTH","(null)","<18","BLACK HISPANIC","M"
"10006326","2006-01-04T00:00:00.000","13:00:00",,"(null)","1","2006-01-04T00:00:00.000","361","OFF. AGNST PUB ORD SENSBLTY &","639","AGGRAVATED HARASSMENT 2","COMPLETED","MISDEMEANOR","MANHATTAN","INSIDE","COMMERCIAL BUILDING","N.Y. POLICE DEPT","0","(null)","(null)","(null)","982538","202842","(null)","WHITE HISPANIC","M",,"40.723433","-74.006175","(40.723433, -74.006175)","PATROL BORO MAN SOUTH","(null)","25-44","WHITE","M"
"10006328","2006-01-02T00:00:00.000","17:00:00","2006-01-04T00:00:00.000","21:30:00","1","2006-01-05T00:00:00.000","361","OFF. AGNST PUB ORD SENSBLTY &","639","AGGRAVATED HARASSMENT 2","COMPLETED","MISDEMEANOR","MANHATTAN","INSIDE","RESIDENCE - APT. HOUSE","N.Y. POLICE DEPT","0","(null)","(null)","(null)","981698","203539","25-44","WHITE","M",,"40.725344","-74.009206","(40.725344, -74.009206)","PATROL BORO MAN SOUTH","(null)","45-64","WHITE","F"
"10006330","2006-01-04T00:00:00.000","22:00:00",,"(null)","1","2006-01-05T00:00:00.000","344","ASSAULT 3 & RELATED OFFENSES","113","MENACING,UNCLASSIFIED","COMPLETED","MISDEMEANOR","MANHATTAN","OPPOSITE OF","STREET","N.Y. POLICE DEPT","0","(null)","(null)","(null)","980678","196607","25-44","BLACK","M",,"40.706319","-74.012881","(40.706319, -74.012881)","PATROL BORO MAN SOUTH","(null)","25-44","BLACK","F"
"10006331","2005-12-22T00:00:00.000","09:00:00","2006-01-04T00:00:00.000","15:40:00","1","2006-01-04T00:00:00.000","361","OFF. AGNST PUB ORD SENSBLTY &","639","AGGRAVATED HARASSMENT 2","COMPLETED","MISDEMEANOR","MANHATTAN","INSIDE","COMMERCIAL BUILDING","N.Y. POLICE DEPT","0","(null)","MARKHAM GARDENS","(null)","980678","196607","(null)","UNKNOWN","M",,"40.706319","-74.012881","(40.706319, -74.012881)","PATROL BORO MAN SOUTH","(null)","25-44","BLACK","M"
"10006332","2006-01-04T00:00:00.000","17:00:00","2006-01-05T00:00:00.000","04:00:00","1","2006-01-05T00:00:00.000","107","BURGLARY","211","BURGLARY,COMMERCIAL,DAY","COMPLETED","FELONY","MANHATTAN","(null)","CONSTRUCTION SITE","PORT AUTHORITY","3","(null)","(null)","(null)","981256","198319","(null)","(null)","(null)",,"40.71101604","-74.0107995","(40.71101604, -74.0107995)","PATROL BORO MAN SOUTH","(null)","(null)","UNKNOWN","D"
"10006337","2006-01-05T00:00:00.000","10:25:00","2006-01-05T00:00:00.000","10:28:00","1","2006-01-05T00:00:00.000","344","ASSAULT 3 & RELATED OFFENSES","101","ASSAULT 3","COMPLETED","MISDEMEANOR","MANHATTAN","FRONT OF","PUBLIC SCHOOL","N.Y. POLICE DEPT","0","(null)","(null)","(null)","982985","203269","18-24","BLACK","F",,"40.724604","-74.004562","(40.724604, -74.004562)","PATROL BORO MAN SOUTH","(null)","18-24","BLACK","F"
"10006338","2005-12-29T00:00:00.000","18:00:00","2006-01-05T00:00:00.000","07:00:00","1","2006-01-05T00:00:00.000","107","BURGLARY","213","BURGLARY,COMMERCIAL,NIGHT","COMPLETED","FELONY","MANHATTAN","INSIDE","RESIDENCE - APT. HOUSE","N.Y. POLICE DEPT","0","(null)","(null)","(null)","983857","203472","(null)","(null)","(null)",,"40.725162","-74.001416","(40.725162, -74.001416)","PATROL BORO MAN SOUTH","(null)","25-44","WHITE","M"
"10006340","2006-01-05T00:00:00.000","17:45:00",,"(null)","1","2006-01-05T00:00:00.000","351","CRIMINAL MISCHIEF & RELATED OF","259","CRIMINAL MISCHIEF,UNCLASSIFIED 4","COMPLETED","MISDEMEANOR","MANHATTAN","(null)","TRANSIT - NYC SUBWAY","N.Y. TRANSIT POLICE","1","(null)","(null)","(null)","981349","198508","(null)","BLACK","M","2","40.71153483","-74.01046412","(40.71153483, -74.01046412)","PATROL BORO MAN SOUTH","CHAMBERS ST.-WORLD TRADE CENTE","(null)","UNKNOWN","D"
"10006341","2006-01-05T00:00:00.000","22:26:00","2006-01-05T00:00:00.000","22:43:00","1","2006-01-05T00:00:00.000","344","ASSAULT 3 & RELATED OFFENSES","101","ASSAULT 3","COMPLETED","MISDEMEANOR","MANHATTAN","INSIDE","BAR/NIGHT CLUB","N.Y. POLICE DEPT","0","(null)","(null)","(null)","982664","203797","(null)","(null)","(null)",,"40.726054","-74.005719","(40.726054, -74.005719)","PATROL BORO MAN SOUTH","(null)","18-24","BLACK","F"
"10006343","2006-01-05T00:00:00.000","20:00:00","2006-01-05T00:00:00.000","21:45:00","1","2006-01-05T00:00:00.000","110","GRAND LARCENY OF MOTOR VEHICLE","441","LARCENY,GRAND OF AUTO","COMPLETED","FELONY","MANHATTAN","(null)","STREET","N.Y. POLICE DEPT","0","(null)","(null)","(null)","980801","201249","(null)","(null)","(null)",,"40.71905803","-74.0124422","(40.71905803, -74.0124422)","PATROL BORO MAN SOUTH","(null)","25-44","BLACK","M"
"10006344","2006-01-02T00:00:00.000","17:15:00",,"(null)","5","2006-01-02T00:00:00.000","578","HARRASSMENT 2","637","HARASSMENT,SUBD 1,CIVILIAN","COMPLETED","VIOLATION","MANHATTAN","INSIDE","STORE UNCLASSIFIED","N.Y. POLICE DEPT","0","(null)","(null)","(null)","985374","199252","(null)","(null)","(null)",,"40.713579","-73.995942","(40.713579, -73.995942)","PATROL BORO MAN SOUTH","(null)","25-44","ASIAN / PACIFIC ISLANDER","M"
"10006346","2006-01-04T00:00:00.000","08:30:00","2006-01-04T00:00:00.000","08:35:00","5","2006-01-04T00:00:00.000","106","FELONY ASSAULT","109","ASSAULT 2,1,UNCLASSIFIED","COMPLETED","FELONY","MANHATTAN","INSIDE","RESIDENCE - PUBLIC HOUSING","N.Y. HOUSING POLICE","2","(null)","(null)","599","984474","198615","<18","UNKNOWN","F",,"40.711829","-73.99919","(40.711829, -73.99919)","PATROL BORO MAN SOUTH","(null)","<18","WHITE HISPANIC","F"
"10006351","2005-12-07T00:00:00.000","08:30:00","2005-12-07T00:00:00.000","08:35:00","5","2006-01-05T00:00:00.000","109","GRAND LARCENY","403","LARCENY,GRAND BY BANK ACCT COMPROMISE-REPRODUCED CHECK","COMPLETED","FELONY","MANHATTAN","INSIDE","BANK","N.Y. POLICE DEPT","0","(null)","(null)","(null)","984521","200577","25-44","ASIAN / PACIFIC ISLANDER","M",,"40.717215","-73.999019","(40.717215, -73.999019)","PATROL BORO MAN SOUTH","(null)","(null)","UNKNOWN","D"
"10006354","2006-01-05T00:00:00.000","11:30:00",,"(null)","5","2006-01-05T00:00:00.000","578","HARRASSMENT 2","637","HARASSMENT,SUBD 1,CIVILIAN","COMPLETED","VIOLATION","MANHATTAN","INSIDE","RESIDENCE - APT. HOUSE","N.Y. POLICE DEPT","0","(null)","(null)","(null)","986686","202176","18-24","WHITE HISPANIC","F",,"40.721604","-73.99121","(40.721604, -73.99121)","PATROL BORO MAN SOUTH","(null)","25-44","WHITE HISPANIC","M"
"10006355","2006-01-05T00:00:00.000","19:15:00",,"(null)","5","2006-01-05T00:00:00.000","358","OFFENSES INVOLVING FRAUD","705","FORGERY,ETC.-MISD.","COMPLETED","MISDEMEANOR","MANHATTAN","INSIDE","CLOTHING/BOUTIQUE","N.Y. POLICE DEPT","0","(null)","(null)","(null)","985780","199735","(null)","(null)","(null)",,"40.714903","-73.99448","(40.714903, -73.99448)","PATROL BORO MAN SOUTH","(null)","(null)","UNKNOWN","D"
"10006356","2006-01-05T00:00:00.000","18:30:00",,"(null)","5","2006-01-05T00:00:00.000","358","OFFENSES INVOLVING FRAUD","705","FORGERY,ETC.-MISD.","COMPLETED","MISDEMEANOR","MANHATTAN","FRONT OF","STREET","N.Y. POLICE DEPT","0","(null)","(null)","(null)","984721","202913","(null)","(null)","(null)",,"40.723628","-73.998298","(40.723628, -73.998298)","PATROL BORO MAN SOUTH","(null)","(null)","UNKNOWN","D"
"10006358","2006-01-05T00:00:00.000","23:00:00","2006-01-05T00:00:00.000","23:30:00","5","2006-01-06T00:00:00.000","109","GRAND LARCENY","409","LARCENY,GRAND BY EXTORTION","ATTEMPTED","FELONY","MANHATTAN","(null)","STREET","N.Y. POLICE DEPT","0","(null)","(null)","(null)","985086","200332","(null)","(null)","(null)",,"40.71654171","-73.99698425","(40.71654171, -73.99698425)","PATROL BORO MAN SOUTH","(null)","45-64","ASIAN / PACIFIC ISLANDER","F"
"10006366","2006-01-05T00:00:00.000","15:48:00","2006-01-05T00:00:00.000","15:50:00","6","2006-01-05T00:00:00.000","117","DANGEROUS DRUGS","515","CONTROLLED SUBSTANCE,SALE 3","COMPLETED","FELONY","MANHATTAN","(null)","STREET","N.Y. POLICE DEPT","0","(null)","(null)","(null)","984108","206079","(null)","(null)","(null)",,"40.73231587","-74.00051236","(40.73231587, -74.00051236)","PATROL BORO MAN SOUTH","(null)","(null)","UNKNOWN","E"
"10006367","2005-12-14T00:00:00.000","10:30:00","2005-12-14T00:00:00.000","14:30:00","6","2006-01-05T00:00:00.000","107","BURGLARY","221","BURGLARY,RESIDENCE,DAY","COMPLETED","FELONY","MANHATTAN","INSIDE","RESIDENCE - APT. HOUSE","N.Y. POLICE DEPT","0","(null)","(null)","(null)","984143","206359","(null)","(null)","(null)",,"40.733085","-74.000385","(40.733085, -74.000385)","PATROL BORO MAN SOUTH","(null)","25-44","ASIAN / PACIFIC ISLANDER","F"
"10006368","2006-01-05T00:00:00.000","16:30:00",,"(null)","6","2006-01-05T00:00:00.000","235","DANGEROUS DRUGS","511","CONTROLLED SUBSTANCE, POSSESSI","COMPLETED","MISDEMEANOR","MANHATTAN","FRONT OF","STREET","N.Y. POLICE DEPT","0","(null)","(null)","(null)","984037","205507","(null)","(null)","(null)",,"40.730748","-74.000768","(40.730748, -74.000768)","PATROL BORO MAN SOUTH","(null)","(null)","UNKNOWN","E"
"10006369","2005-01-05T00:00:00.000","16:45:00",,"(null)","6","2006-01-05T00:00:00.000","235","DANGEROUS DRUGS","511","CONTROLLED SUBSTANCE, POSSESSI","COMPLETED","MISDEMEANOR","MANHATTAN","(null)","PARK/PLAYGROUND","N.Y. POLICE DEPT","0","(null)","(null)","(null)","984360","205615","(null)","(null)","(null)",,"40.73104231","-73.9996031","(40.73104231, -73.9996031)","PATROL BORO MAN SOUTH","(null)","(null)","UNKNOWN","E"
"10006370","2006-01-05T00:00:00.000","16:20:00","2006-01-05T00:00:00.000","17:20:00","6","2006-01-05T00:00:00.000","117","DANGEROUS DRUGS","515","CONTROLLED SUBSTANCE,SALE 3","COMPLETED","FELONY","MANHATTAN","(null)","PARK/PLAYGROUND","N.Y. POLICE DEPT","0","(null)","(null)","(null)","984497","205828","(null)","(null)","(null)",,"40.73162694","-73.99910878","(40.73162694, -73.99910878)","PATROL BORO MAN SOUTH","(null)","(null)","UNKNOWN","E"
"10006371","2006-01-05T00:00:00.000","13:45:00",,"(null)","6","2006-01-05T00:00:00.000","105","ROBBERY","398","ROBBERY,PUBLIC PLACE INSIDE","COMPLETED","FELONY","MANHATTAN","INSIDE","CLOTHING/BOUTIQUE","N.Y. POLICE DEPT","0","(null)","(null)","(null)","986012","205639","25-44","BLACK","M",,"40.731111","-73.993642","(40.731111, -73.993642)","PATROL BORO MAN SOUTH","(null)","(null)","UNKNOWN","D"
"10006372","2006-01-05T00:00:00.000","07:00:00","2006-01-05T00:00:00.000","15:30:00","6","2006-01-05T00:00:00.000","107","BURGLARY","221","BURGLARY,RESIDENCE,DAY","COMPLETED","FELONY","MANHATTAN","INSIDE","RESIDENCE - APT. HOUSE","N.Y. POLICE DEPT","0","(null)","(null)","(null)","983867","206536","(null)","(null)","(null)",,"40.733572","-74.001378","(40.733572, -74.001378)","PATROL BORO MAN SOUTH","(null)","25-44","WHITE","F"
"10006373","2006-01-05T00:00:00.000","08:30:00","2006-01-05T00:00:00.000","19:00:00","6","2006-01-05T00:00:00.000","107","BURGLARY","221","BURGLARY,RESIDENCE,DAY","COMPLETED","FELONY","MANHATTAN","INSIDE","RESIDENCE - APT. HOUSE","N.Y. POLICE DEPT","0","(null)","(null)","(null)","983867","206536","(null)","(null)","(null)",,"40.733572","-74.001378","(40.733572, -74.001378)","PATROL BORO MAN SOUTH","(null)","18-24","ASIAN / PACIFIC ISLANDER","F"
"10006374","2006-01-05T00:00:00.000","11:00:00","2006-01-05T00:00:00.000","22:25:00","6","2006-01-05T00:00:00.000","107","BURGLARY","221","BURGLARY,RESIDENCE,DAY","ATTEMPTED","FELONY","MANHATTAN","INSIDE","RESIDENCE - APT. HOUSE","N.Y. POLICE DEPT","0","(null)","(null)","(null)","983297","205965","(null)","(null)","(null)",,"40.732003","-74.003437","(40.732003, -74.003437)","PATROL BORO MAN SOUTH","(null)","45-64","WHITE","M"
"10006375","2006-01-05T00:00:00.000","12:50:00","2006-01-05T00:00:00.000","13:15:00","6","2006-01-05T00:00:00.000","109","GRAND LARCENY","438","LARCENY,GRAND FROM BUILDING (NON-RESIDENCE) UNATTENDED","COMPLETED","FELONY","MANHATTAN","INSIDE","COMMERCIAL BUILDING","N.Y. POLICE DEPT","0","(null)","(null)","(null)","985323","204347","(null)","(null)","(null)",,"40.727562","-73.996126","(40.727562, -73.996126)","PATROL BORO MAN SOUTH","(null)","45-64","BLACK","M"
"10006376","2006-01-04T00:00:00.000","21:30:00","2006-01-04T00:00:00.000","22:00:00","6","2006-01-05T00:00:00.000","109","GRAND LARCENY","438","LARCENY,GRAND FROM BUILDING (NON-RESIDENCE) UNATTENDED","COMPLETED","FELONY","MANHATTAN","INSIDE","BAR/NIGHT CLUB","N.Y. POLICE DEPT","0","(null)","(null)","(null)","984037","205507","(null)","(null)","(null)",,"40.730748","-74.000768","(40.730748, -74.000768)","PATROL BORO MAN SOUTH","(null)","25-44","WHITE","F"
"10006377","2006-01-05T00:00:00.000","02:00:00",,"(null)","6","2006-01-05T00:00:00.000","109","GRAND LARCENY","438","LARCENY,GRAND FROM BUILDING (NON-RESIDENCE) UNATTENDED","COMPLETED","FELONY","MANHATTAN","(null)","CHAIN STORE","N.Y. POLICE DEPT","0","(null)","(null)","(null)","983985","205857","(null)","(null)","(null)",,"40.73170654","-74.00095616","(40.73170654, -74.00095616)","PATROL BORO MAN SOUTH","(null)","18-24","ASIAN / PACIFIC ISLANDER","F"
"10006378","2006-01-06T00:00:00.000","01:21:00",,"(null)","6","2006-01-06T00:00:00.000","121","CRIMINAL MISCHIEF & RELATED OF","267","MISCHIEF, CRIMINAL 3 & 2, OF M","COMPLETED","FELONY","MANHATTAN","(null)","TAXI (YELLOW LICENSED)","N.Y. POLICE DEPT","0","(null)","(null)","(null)","983551","208788","(null)","(null)","(null)",,"40.73975138","-74.00252241","(40.73975138, -74.00252241)","PATROL BORO MAN SOUTH","(null)","25-44","ASIAN / PACIFIC ISLANDER","M"
"10006379","2006-01-05T00:00:00.000","17:30:00","2006-01-05T00:00:00.000","18:30:00","6","2006-01-05T00:00:00.000","109","GRAND LARCENY","438","LARCENY,GRAND FROM BUILDING (NON-RESIDENCE) UNATTENDED","COMPLETED","FELONY","MANHATTAN","INSIDE","COMMERCIAL BUILDING","N.Y. POLICE DEPT","0","(null)","(null)","(null)","983359","205268","25-44","UNKNOWN","M",,"40.730091","-74.003212","(40.730091, -74.003212)","PATROL BORO MAN SOUTH","(null)","25-44","ASIAN / PACIFIC ISLANDER","F"
"10006380","2006-01-02T00:00:00.000","15:00:00","2006-01-02T00:00:00.000","19:00:00","6","2006-01-05T00:00:00.000","341","PETIT LARCENY","339","LARCENY,PETIT FROM OPEN AREAS,","COMPLETED","MISDEMEANOR","MANHATTAN","(null)","STREET","N.Y. POLICE DEPT","0","(null)","(null)","(null)","985176","204117","(null)","(null)","(null)",,"40.72693062","-73.99665907","(40.72693062, -73.99665907)","PATROL BORO MAN SOUTH","(null)","(null)","UNKNOWN","D"
"10006385","2005-10-31T00:00:00.000","23:00:00","2006-01-05T00:00:00.000","03:00:00","6","2006-01-05T00:00:00.000","361","OFF. AGNST PUB ORD SENSBLTY &","639","AGGRAVATED HARASSMENT 2","COMPLETED","MISDEMEANOR","MANHATTAN","INSIDE","RESIDENCE-HOUSE","N.Y. POLICE DEPT","0","(null)","(null)","(null)","982690","206113","(null)","(null)","(null)",,"40.73241","-74.005629","(40.73241, -74.005629)","PATROL BORO MAN SOUTH","(null)","25-44","WHITE","M"
"10006386","2006-01-02T00:00:00.000","19:00:00",,"(null)","6","2006-01-05T00:00:00.000","578","HARRASSMENT 2","638","HARASSMENT,SUBD 3,4,5","COMPLETED","VIOLATION","MANHATTAN","INSIDE","RESIDENCE - APT. HOUSE","N.Y. POLICE DEPT","0","(null)","(null)","(null)","984302","205953","45-64","WHITE","M",,"40.731971","-73.99981","(40.731971, -73.99981)","PATROL BORO MAN SOUTH","(null)","45-64","WHITE","M"
"10006387","2006-01-05T00:00:00.000","08:45:00","2006-01-05T00:00:00.000","23:00:00","6","2006-01-06T00:00:00.000","107","BURGLARY","221","BURGLARY,RESIDENCE,DAY","COMPLETED","FELONY","MANHATTAN","INSIDE","RESIDENCE - APT. HOUSE","N.Y. POLICE DEPT","0","(null)","(null)","(null)","983357","205819","(null)","(null)","(null)",,"40.731604","-74.003219","(40.731604, -74.003219)","PATROL BORO MAN SOUTH","(null)","25-44","UNKNOWN","M"
"10006388","2005-12-29T00:00:00.000","04:00:00","2006-01-03T00:00:00.000","16:50:00","6","2006-01-06T00:00:00.000","109","GRAND LARCENY","401","LARCENY,GRAND BY ACQUIRING LOS","COMPLETED","FELONY","MANHATTAN","INSIDE","RESIDENCE - APT. HOUSE","N.Y. POLICE DEPT","0","(null)","(null)","(null)","982519","205830","(null)","(null)","(null)",,"40.731635","-74.006243","(40.731635, -74.006243)","PATROL BORO MAN SOUTH","(null)","25-44","WHITE","F"
"10006389","2006-01-06T00:00:00.000","09:00:00",,"(null)","6","2006-01-06T00:00:00.000","107","BURGLARY","221","BURGLARY,RESIDENCE,DAY","ATTEMPTED","FELONY","MANHATTAN","INSIDE","RESIDENCE-HOUSE","N.Y. POLICE DEPT","0","(null)","(null)","(null)","982924","205699","(null)","(null)","(null)",,"40.731273","-74.004783","(40.731273, -74.004783)","PATROL BORO MAN SOUTH","(null)","25-44","WHITE","F"
"10006394","2006-01-03T00:00:00.000","19:30:00","2006-01-03T00:00:00.000","21:10:00","7","2006-01-03T00:00:00.000","105","ROBBERY","388","ROBBERY,RESIDENTIAL COMMON AREA","COMPLETED","FELONY","MANHATTAN","INSIDE","RESIDENCE - APT. HOUSE","N.Y. POLICE DEPT","0","(null)","(null)","(null)","987198","199204","(null)","(null)","(null)",,"40.713447","-73.989363","(40.713447, -73.989363)","PATROL BORO MAN SOUTH","(null)","18-24","ASIAN / PACIFIC ISLANDER","M"
"10006397","2006-01-04T00:00:00.000","19:21:00","2006-01-04T00:00:00.000","19:23:00","7","2006-01-04T00:00:00.000","235","DANGEROUS DRUGS","567","MARIJUANA, POSSESSION 4 & 5","COMPLETED","MISDEMEANOR","MANHATTAN","(null)","STREET","N.Y. POLICE DEPT","0","(null)","(null)","(null)","987296","201153","(null)","(null)","(null)",,"40.71879468","-73.98901164","(40.71879468, -73.98901164)","PATROL BORO MAN SOUTH","(null)","(null)","UNKNOWN","E"
"10006398","2006-01-05T00:00:00.000","12:00:00","2006-01-05T00:00:00.000","12:20:00","7","2006-01-05T00:00:00.000","105","ROBBERY","384","ROBBERY,POCKETBOOK/CARRIED BAG","COMPLETED","FELONY","MANHATTAN","(null)","STREET","N.Y. POLICE DEPT","0","(null)","(null)","(null)","987521","201066","(null)","BLACK HISPANIC","F",,"40.7185558","-73.98820001","(40.7185558, -73.98820001)","PATROL BORO MAN SOUTH","(null)","45-64","WHITE","F"
"10006399","2006-01-05T00:00:00.000","17:10:00","2006-01-05T00:00:00.000","17:35:00","7","2006-01-05T00:00:00.000","341","PETIT LARCENY","339","LARCENY,PETIT FROM OPEN AREAS,","COMPLETED","MISDEMEANOR","MANHATTAN","INSIDE","VIDEO STORE","N.Y. POLICE DEPT","0","(null)","(null)","(null)","987373","201662","(null)","(null)","(null)",,"40.720192","-73.988734","(40.720192, -73.988734)","PATROL BORO MAN SOUTH","(null)","(null)","UNKNOWN","D"
"10006400","2006-01-05T00:00:00.000","23:53:00","2006-01-05T00:00:00.000","23:54:00","7","2006-01-06T00:00:00.000","355","OFFENSES AGAINST THE PERSON","115","RECKLESS ENDANGERMENT 2","COMPLETED","MISDEMEANOR","MANHATTAN","FRONT OF","RESIDENCE - APT. HOUSE","N.Y. POLICE DEPT","0","(null)","(null)","(null)","987349","201914","(null)","(null)","(null)",,"40.720884","-73.988818","(40.720884, -73.988818)","PATROL BORO MAN SOUTH","(null)","25-44","WHITE","M"
"10006401","2005-11-01T00:00:00.000","19:00:00","2005-11-01T00:00:00.000","19:10:00","7","2006-01-05T00:00:00.000","361","OFF. AGNST PUB ORD SENSBLTY &","639","AGGRAVATED HARASSMENT 2","COMPLETED","MISDEMEANOR","MANHATTAN","INSIDE","RESIDENCE - APT. HOUSE","N.Y. POLICE DEPT","0","(null)","(null)","(null)","989694","200448","25-44","BLACK","M",,"40.71686","-73.980359","(40.71686, -73.980359)","PATROL BORO MAN SOUTH","(null)","45-64","WHITE HISPANIC","M"
"10006402","2006-01-05T00:00:00.000","18:00:00","2006-01-06T00:00:00.000","08:30:00","7","2006-01-06T00:00:00.000","351","CRIMINAL MISCHIEF & RELATED OF","254","MISCHIEF, CRIMINAL 4, OF MOTOR","COMPLETED","MISDEMEANOR","MANHATTAN","(null)","STREET","N.Y. POLICE DEPT","0","(null)","(null)","(null)","989470","199909","(null)","UNKNOWN","U",,"40.71537918","-73.98116997","(40.71537918, -73.98116997)","PATROL BORO MAN SOUTH","(null)","(null)","WHITE","M"
"10006403","2005-12-18T00:00:00.000","14:46:00",,"(null)","7","2006-01-06T00:00:00.000","233","SEX CRIMES","681","CHILD, ENDANGERING WELFARE","COMPLETED","MISDEMEANOR","MANHATTAN","INSIDE","RESIDENCE - APT. HOUSE","N.Y. POLICE DEPT","0","(null)","(null)","(null)","988917","200245","(null)","UNKNOWN","F",,"40.7163099917327","-73.9831660136947","(40.7163099917327, -73.9831660136947)","PATROL BORO MAN SOUTH","(null)","<18","BLACK","M"
"10006404","2006-01-06T00:00:00.000","10:30:00","2006-01-06T00:00:00.000","10:50:00","7","2006-01-06T00:00:00.000","105","ROBBERY","384","ROBBERY,POCKETBOOK/CARRIED BAG","COMPLETED","FELONY","MANHATTAN","REAR OF","STREET","N.Y. POLICE DEPT","0","(null)","(null)","(null)","989038","199685","(null)","WHITE HISPANIC","U",,"40.714767","-73.982727","(40.714767, -73.982727)","PATROL BORO MAN SOUTH","(null)","25-44","WHITE HISPANIC","F"
"10006405","2006-01-05T00:00:00.000","22:30:00","2006-01-06T00:00:00.000","08:45:00","7","2006-01-06T00:00:00.000","351","CRIMINAL MISCHIEF & RELATED OF","254","MISCHIEF, CRIMINAL 4, OF MOTOR","COMPLETED","MISDEMEANOR","MANHATTAN","(null)","STREET","N.Y. POLICE DEPT","0","(null)","(null)","(null)","989470","199909","(null)","BLACK","M",,"40.71537918","-73.98116997","(40.71537918, -73.98116997)","PATROL BORO MAN SOUTH","(null)","25-44","WHITE","M"
"10006406","2006-01-05T00:00:00.000","23:00:00","2006-01-06T00:00:00.000","11:00:00","7","2006-01-06T00:00:00.000","121","CRIMINAL MISCHIEF & RELATED OF","267","MISCHIEF, CRIMINAL 3 & 2, OF M","COMPLETED","FELONY","MANHATTAN","FRONT OF","STREET","N.Y. POLICE DEPT","0","(null)","(null)","(null)","989112","199436","(null)","UNKNOWN","U",,"40.714084","-73.982461","(40.714084, -73.982461)","PATROL BORO MAN SOUTH","(null)","25-44","WHITE HISPANIC","M"
"10006407","2006-01-05T00:00:00.000","22:00:00","2006-01-06T00:00:00.000","09:15:00","7","2006-01-06T00:00:00.000","351","CRIMINAL MISCHIEF & RELATED OF","254","MISCHIEF, CRIMINAL 4, OF MOTOR","ATTEMPTED","MISDEMEANOR","MANHATTAN","(null)","STREET","N.Y. POLICE DEPT","0","(null)","(null)","(null)","989470","199909","(null)","UNKNOWN","(null)",,"40.71537918","-73.98116997","(40.71537918, -73.98116997)","PATROL BORO MAN SOUTH","(null)","25-44","WHITE","M"
"10006408","2006-01-06T00:00:00.000","07:00:00",,"(null)","7","2006-01-06T00:00:00.000","341","PETIT LARCENY","349","LARCENY,PETIT OF LICENSE PLATE","COMPLETED","MISDEMEANOR","MANHATTAN","(null)","STREET","N.Y. POLICE DEPT","0","(null)","(null)","(null)","987744","200974","(null)","UNKNOWN","U",,"40.7183032","-73.98739559","(40.7183032, -73.98739559)","PATROL BORO MAN SOUTH","(null)","18-24","ASIAN / PACIFIC ISLANDER","M"
"10006409","2006-01-06T00:00:00.000","08:00:00","2006-01-06T00:00:00.000","15:00:00","7","2006-01-06T00:00:00.000","341","PETIT LARCENY","301","LARCENY,PETIT BY ACQUIRING LOS","COMPLETED","MISDEMEANOR","MANHATTAN","INSIDE","PUBLIC SCHOOL","N.Y. POLICE DEPT","0","(null)","(null)","(null)","988107","199301","(null)","UNKNOWN","U",,"40.713712","-73.986086","(40.713712, -73.986086)","PATROL BORO MAN SOUTH","(null)","<18","WHITE HISPANIC","F"
"10006410","2006-01-04T00:00:00.000","22:30:00",,"(null)","9","2006-01-04T00:00:00.000","235","DANGEROUS DRUGS","567","MARIJUANA, POSSESSION 4 & 5","COMPLETED","MISDEMEANOR","MANHATTAN","FRONT OF","STREET","N.Y. POLICE DEPT","0","(null)","(null)","(null)","987973","206011","(null)","(null)","(null)",,"40.732131","-73.986564","(40.732131, -73.986564)","PATROL BORO MAN SOUTH","(null)","(null)","UNKNOWN","E"
"10006411","2006-01-05T00:00:00.000","00:30:00","2006-01-05T00:00:00.000","00:43:00","9","2006-01-05T00:00:00.000","105","ROBBERY","397","ROBBERY,OPEN AREA UNCLASSIFIED","ATTEMPTED","FELONY","MANHATTAN","(null)","STREET","N.Y. POLICE DEPT","0","(null)","(null)","(null)","986234","205264","(null)","(null)","(null)",,"40.73007868","-73.99284156","(40.73007868, -73.99284156)","PATROL BORO MAN SOUTH","(null)","25-44","BLACK","M"
"10006412","2006-01-02T00:00:00.000","18:30:00","2006-01-02T00:00:00.000","18:45:00","9","2006-01-03T00:00:00.000","578","HARRASSMENT 2","638","HARASSMENT,SUBD 3,4,5","COMPLETED","VIOLATION","MANHATTAN","INSIDE","RESTAURANT/DINER","N.Y. POLICE DEPT","0","(null)","(null)","(null)","988625","204896","(null)","UNKNOWN","U",,"40.729069","-73.984214","(40.729069, -73.984214)","PATROL BORO MAN SOUTH","(null)","45-64","WHITE HISPANIC","M"
"10006413","2006-01-04T00:00:00.000","17:00:00","2006-01-04T00:00:00.000","22:30:00","9","2006-01-05T00:00:00.000","107","BURGLARY","223","BURGLARY,RESIDENCE,NIGHT","COMPLETED","FELONY","MANHATTAN","INSIDE","RESIDENCE - APT. HOUSE","N.Y. POLICE DEPT","0","(null)","(null)","(null)","988355","205189","(null)","UNKNOWN","U",,"40.729875","-73.985186","(40.729875, -73.985186)","PATROL BORO MAN SOUTH","(null)","25-44","WHITE","M"
"10006414","2005-12-25T00:00:00.000","22:10:00",,"(null)","9","2006-01-05T00:00:00.000","578","HARRASSMENT 2","638","HARASSMENT,SUBD 3,4,5","COMPLETED","VIOLATION","MANHATTAN","INSIDE","OTHER","N.Y. POLICE DEPT","0","(null)","(null)","(null)","990293","203411","25-44","BLACK HISPANIC","M",,"40.724993","-73.978195","(40.724993, -73.978195)","PATROL BORO MAN SOUTH","(null)","(null)","UNKNOWN","M"
"10006416","2006-01-05T00:00:00.000","09:40:00","2006-01-05T00:00:00.000","10:00:00","9","2006-01-05T00:00:00.000","109","GRAND LARCENY","419","LARCENY,GRAND FROM PERSON,UNCL","COMPLETED","FELONY","MANHATTAN","(null)","OPEN AREAS (OPEN LOTS)","N.Y. POLICE DEPT","0","(null)","(null)","(null)","989747","202422","(null)","BLACK","M",,"40.72227659","-73.9801687","(40.72227659, -73.9801687)","PATROL BORO MAN SOUTH","(null)","65+","BLACK","M"
"10006417","2006-01-05T00:00:00.000","14:30:00","2006-01-05T00:00:00.000","15:08:00","9","2006-01-05T00:00:00.000","341","PETIT LARCENY","333","LARCENY,PETIT FROM STORE-SHOPL","COMPLETED","MISDEMEANOR","MANHATTAN","INSIDE","CHAIN STORE","N.Y. POLICE DEPT","0","(null)","(null)","(null)","988519","202508","(null)","(null)","(null)",,"40.722514","-73.984598","(40.722514, -73.984598)","PATROL BORO MAN SOUTH","(null)","(null)","UNKNOWN","D"
"10006419","2006-01-04T00:00:00.000","18:00:00",,"(null)","9","2006-01-05T00:00:00.000","107","BURGLARY","213","BURGLARY,COMMERCIAL,NIGHT","COMPLETED","FELONY","MANHATTAN","INSIDE","SMALL MERCHANT","N.Y. POLICE DEPT","0","(null)","(null)","(null)","985912","204765","(null)","(null)","(null)",,"40.72871","-73.994","(40.72871, -73.994)","PATROL BORO MAN SOUTH","(null)","(null)","UNKNOWN","D"
"10006420","2006-01-05T00:00:00.000","11:50:00",,"(null)","9","2006-01-05T00:00:00.000","341","PETIT LARCENY","338","LARCENY,PETIT FROM BUILDING,UN","COMPLETED","MISDEMEANOR","MANHATTAN","INSIDE","GROCERY/BODEGA","N.Y. POLICE DEPT","0","(null)","(null)","(null)","988755","203691","(null)","(null)","(null)",,"40.725763","-73.983746","(40.725763, -73.983746)","PATROL BORO MAN SOUTH","(null)","45-64","BLACK","F"
"10006421","2006-01-05T00:00:00.000","13:00:00",,"(null)","9","2006-01-05T00:00:00.000","578","HARRASSMENT 2","637","HARASSMENT,SUBD 1,CIVILIAN","COMPLETED","VIOLATION","MANHATTAN","INSIDE","OTHER","N.Y. POLICE DEPT","0","(null)","(null)","(null)","987387","203442","45-64","WHITE","M",,"40.725078","-73.98868","(40.725078, -73.98868)","PATROL BORO MAN SOUTH","(null)","45-64","WHITE","F"
"10006423","2006-01-05T00:00:00.000","18:40:00","2006-01-05T00:00:00.000","18:45:00","9","2006-01-05T00:00:00.000","235","DANGEROUS DRUGS","567","MARIJUANA, POSSESSION 4 & 5","COMPLETED","MISDEMEANOR","MANHATTAN","OPPOSITE OF","STREET","N.Y. POLICE DEPT","0","(null)","(null)","(null)","987001","204801","(null)","(null)","(null)",,"40.728809","-73.990071","(40.728809, -73.990071)","PATROL BORO MAN SOUTH","(null)","(null)","UNKNOWN","E"
"10006424","2006-01-05T00:00:00.000","17:59:00",,"(null)","9","2006-01-05T00:00:00.000","232","POSSESSION OF STOLEN PROPERTY","490","STOLEN PROPERTY 3,POSSESSION","COMPLETED","MISDEMEANOR","MANHATTAN","INSIDE","CHAIN STORE","N.Y. POLICE DEPT","0","(null)","(null)","(null)","986930","206924","(null)","(null)","(null)",,"40.734637","-73.990328","(40.734637, -73.990328)","PATROL BORO MAN SOUTH","(null)","(null)","UNKNOWN","D"
"10006426","2006-01-05T00:00:00.000","22:40:00","2006-01-05T00:00:00.000","22:50:00","9","2006-01-05T00:00:00.000","235","DANGEROUS DRUGS","567","MARIJUANA, POSSESSION 4 & 5","COMPLETED","MISDEMEANOR","MANHATTAN","(null)","STREET","N.Y. POLICE DEPT","0","(null)","(null)","(null)","988051","202409","(null)","(null)","(null)",,"40.7222418","-73.9862873","(40.7222418, -73.9862873)","PATROL BORO MAN SOUTH","(null)","(null)","UNKNOWN","E"
"10006427","2005-09-05T00:00:00.000","09:00:00",,"(null)","10","2006-01-04T00:00:00.000","109","GRAND LARCENY","439","LARCENY,GRAND FROM OPEN AREAS, UNATTENDED","COMPLETED","FELONY","MANHATTAN","INSIDE","COMMERCIAL BUILDING","N.Y. POLICE DEPT","0","(null)","(null)","(null)","985446","211284","(null)","(null)","(null)",,"40.746605","-73.995681","(40.746605, -73.995681)","PATROL BORO MAN SOUTH","(null)","25-44","ASIAN / PACIFIC ISLANDER","M"
"10006428","2005-12-03T00:00:00.000","22:00:00","2005-12-05T00:00:00.000","09:00:00","10","2006-01-05T00:00:00.000","109","GRAND LARCENY","438","LARCENY,GRAND FROM BUILDING (NON-RESIDENCE) UNATTENDED","COMPLETED","FELONY","MANHATTAN","INSIDE","RESIDENCE - APT. HOUSE","N.Y. POLICE DEPT","0","(null)","(null)","(null)","984017","210557","(null)","(null)","(null)",,"40.744607","-74.00084","(40.744607, -74.00084)","PATROL BORO MAN SOUTH","(null)","25-44","WHITE","M"
"10006430","2005-12-01T00:00:00.000","19:00:00",,"(null)","10","2006-01-04T00:00:00.000","341","PETIT LARCENY","338","LARCENY,PETIT FROM BUILDING,UN","COMPLETED","MISDEMEANOR","MANHATTAN","INSIDE","COMMERCIAL BUILDING","N.Y. POLICE DEPT","0","(null)","(null)","(null)","984256","213415","(null)","(null)","(null)",,"40.752453","-73.999976","(40.752453, -73.999976)","PATROL BORO MAN SOUTH","(null)","(null)","UNKNOWN","D"
"10006431","2006-01-05T00:00:00.000","17:26:00",,"(null)","10","2006-01-05T00:00:00.000","126","MISCELLANEOUS PENAL LAW","117","RECKLESS ENDANGERMENT 1","COMPLETED","FELONY","MANHATTAN","OPPOSITE OF","STREET","N.Y. POLICE DEPT","0","(null)","(null)","(null)","985197","210829","(null)","(null)","(null)",,"40.745356","-73.996581","(40.745356, -73.996581)","PATROL BORO MAN SOUTH","(null)","(null)","UNKNOWN","E"
"10006432","2005-12-26T00:00:00.000","23:00:00","2005-12-27T00:00:00.000","01:00:00","10","2006-01-05T00:00:00.000","109","GRAND LARCENY","419","LARCENY,GRAND FROM PERSON,UNCL","COMPLETED","FELONY","MANHATTAN","FRONT OF","BAR/NIGHT CLUB","N.Y. POLICE DEPT","0","(null)","(null)","(null)","983904","214514","(null)","(null)","(null)",,"40.75547","-74.001245","(40.75547, -74.001245)","PATROL BORO MAN SOUTH","(null)","<18","WHITE HISPANIC","F"
"10006435","2006-01-04T00:00:00.000","02:30:00","2006-01-04T00:00:00.000","15:00:00","10","2006-01-04T00:00:00.000","341","PETIT LARCENY","321","LARCENY,PETIT FROM AUTO","COMPLETED","MISDEMEANOR","MANHATTAN","FRONT OF","STREET","N.Y. POLICE DEPT","0","(null)","(null)","(null)","983110","210779","(null)","(null)","(null)",,"40.745218","-74.004113","(40.745218, -74.004113)","PATROL BORO MAN SOUTH","(null)","45-64","WHITE","M"
"10006437","2006-01-05T00:00:00.000","23:25:00",,"(null)","10","2006-01-05T00:00:00.000","117","DANGEROUS DRUGS","515","CONTROLLED SUBSTANCE,SALE 3","COMPLETED","FELONY","MANHATTAN","FRONT OF","STREET","N.Y. POLICE DEPT","0","(null)","(null)","(null)","984567","209694","(null)","(null)","(null)",,"40.742241","-73.998854","(40.742241, -73.998854)","PATROL BORO MAN SOUTH","(null)","(null)","UNKNOWN","E"
"10006440","2005-10-27T00:00:00.000","15:00:00",,"(null)","13","2006-01-03T00:00:00.000","341","PETIT LARCENY","338","LARCENY,PETIT FROM BUILDING,UN","COMPLETED","MISDEMEANOR","MANHATTAN","INSIDE","COMMERCIAL BUILDING","N.Y. POLICE DEPT","0","(null)","(null)","(null)","987352","207731","(null)","(null)","(null)",,"40.736851","-73.988804","(40.736851, -73.988804)","PATROL BORO MAN SOUTH","(null)","(null)","UNKNOWN","D"
"10006441","2005-12-26T00:00:00.000","09:00:00","2005-12-26T00:00:00.000","09:00:00","13","2006-01-04T00:00:00.000","341","PETIT LARCENY","303","LARCENY,PETIT BY CHECK USE","COMPLETED","MISDEMEANOR","MANHATTAN","INSIDE","(null)","N.Y. POLICE DEPT","0","(null)","(null)","(null)","985808","209146","(null)","(null)","(null)",,"40.740735","-73.994377","(40.740735, -73.994377)","PATROL BORO MAN SOUTH","(null)","(null)","UNKNOWN","D"
"10006445","2006-01-04T00:00:00.000","20:30:00","2006-01-04T00:00:00.000","20:50:00","13","2006-01-04T00:00:00.000","109","GRAND LARCENY","421","LARCENY,GRAND FROM VEHICLE/MOTORCYCLE","COMPLETED","FELONY","MANHATTAN","(null)","STREET","N.Y. POLICE DEPT","0","(null)","(null)","(null)","987086","208579","(null)","(null)","(null)",,"40.7391773","-73.98976608","(40.7391773, -73.98976608)","PATROL BORO MAN SOUTH","(null)","25-44","WHITE","M"
"10006448","2006-01-04T00:00:00.000","23:00:00","2006-01-04T00:00:00.000","23:20:00","13","2006-01-04T00:00:00.000","578","HARRASSMENT 2","637","HARASSMENT,SUBD 1,CIVILIAN","COMPLETED","VIOLATION","MANHATTAN","INSIDE","RESIDENCE - APT. HOUSE","N.Y. POLICE DEPT","0","(null)","(null)","(null)","991202","206256","25-44","WHITE","M",,"40.7328","-73.974915","(40.7328, -73.974915)","PATROL BORO MAN SOUTH","(null)","45-64","ASIAN / PACIFIC ISLANDER","F"
"10006449","2006-01-03T00:00:00.000","15:50:00","2006-01-03T00:00:00.000","16:40:00","13","2006-01-03T00:00:00.000","578","HARRASSMENT 2","637","HARASSMENT,SUBD 1,CIVILIAN","COMPLETED","VIOLATION","MANHATTAN","FRONT OF","TAXI (LIVERY LICENSED)","N.Y. POLICE DEPT","0","(null)","(null)","(null)","989456","209945","25-44","UNKNOWN","M",,"40.742926","-73.981209","(40.742926, -73.981209)","PATROL BORO MAN SOUTH","(null)","25-44","UNKNOWN","M"
"10006451","2006-01-05T00:00:00.000","09:45:00",,"(null)","13","2006-01-05T00:00:00.000","341","PETIT LARCENY","333","LARCENY,PETIT FROM STORE-SHOPL","COMPLETED","MISDEMEANOR","MANHATTAN","INSIDE","DRUG STORE","N.Y. POLICE DEPT","0","(null)","(null)","(null)","989989","208911","(null)","(null)","(null)",,"40.740088","-73.97929","(40.740088, -73.97929)","PATROL BORO MAN SOUTH","(null)","(null)","UNKNOWN","D"
"10006452","2005-12-23T00:00:00.000","14:30:00",,"(null)","13","2006-01-04T00:00:00.000","344","ASSAULT 3 & RELATED OFFENSES","101","ASSAULT 3","COMPLETED","MISDEMEANOR","MANHATTAN","FRONT OF","PUBLIC SCHOOL","N.Y. POLICE DEPT","0","(null)","(null)","(null)","987685","207270","(null)","(null)","(null)",,"40.735586","-73.987602","(40.735586, -73.987602)","PATROL BORO MAN SOUTH","(null)","<18","WHITE HISPANIC","M"
"10006453","2005-12-16T00:00:00.000","14:00:00",,"(null)","13","2006-01-04T00:00:00.000","359","OFFENSES AGAINST PUBLIC ADMINI","749","VIOLATION OF ORDER OF PROTECTI","COMPLETED","MISDEMEANOR","MANHATTAN","FRONT OF","RESIDENCE - APT. HOUSE","N.Y. POLICE DEPT","0","(null)","(null)","(null)","990125","206855","25-44","BLACK","M",,"40.734446","-73.978799","(40.734446, -73.978799)","PATROL BORO MAN SOUTH","(null)","25-44","WHITE","F"
"10006455","2006-01-05T00:00:00.000","08:10:00",,"(null)","13","2006-01-05T00:00:00.000","105","ROBBERY","361","ROBBERY,BANK","COMPLETED","FELONY","MANHATTAN","INSIDE","BANK","N.Y. POLICE DEPT","0","(null)","(null)","(null)","986345","208012","(null)","BLACK","M",,"40.737624","-73.99244","(40.737624, -73.99244)","PATROL BORO MAN SOUTH","(null)","(null)","UNKNOWN","D"
"10006457","2006-01-05T00:00:00.000","16:40:00",,"(null)","13","2006-01-05T00:00:00.000","341","PETIT LARCENY","333","LARCENY,PETIT FROM STORE-SHOPL","COMPLETED","MISDEMEANOR","MANHATTAN","INSIDE","GROCERY/BODEGA","N.Y. POLICE DEPT","0","(null)","(null)","(null)","989393","205565","(null)","(null)","(null)",,"40.730905","-73.981442","(40.730905, -73.981442)","PATROL BORO MAN SOUTH","(null)","(null)","UNKNOWN","D"
"10006458","2006-01-05T00:00:00.000","18:00:00",,"(null)","13","2006-01-05T00:00:00.000","341","PETIT LARCENY","333","LARCENY,PETIT FROM STORE-SHOPL","COMPLETED","MISDEMEANOR","MANHATTAN","INSIDE","DEPARTMENT STORE","N.Y. POLICE DEPT","0","(null)","(null)","(null)","985689","208933","(null)","(null)","(null)",,"40.740151","-73.994805","(40.740151, -73.994805)","PATROL BORO MAN SOUTH","(null)","(null)","UNKNOWN","D"
"10006459","2006-01-03T00:00:00.000","16:30:00",,"(null)","13","2006-01-04T00:00:00.000","578","HARRASSMENT 2","637","HARASSMENT,SUBD 1,CIVILIAN","COMPLETED","VIOLATION","MANHATTAN","(null)","TRANSIT - NYC SUBWAY","N.Y. TRANSIT POLICE","1","(null)","(null)","(null)","985631","208828","(null)","(null)","(null)","2","40.73986109","-73.99501651","(40.73986109, -73.99501651)","PATROL BORO MAN SOUTH","18 STREET","25-44","WHITE HISPANIC","F"
"10006462","2006-01-04T00:00:00.000","20:40:00","2006-01-04T00:00:00.000","22:36:00","14","2006-01-05T00:00:00.000","341","PETIT LARCENY","333","LARCENY,PETIT FROM STORE-SHOPL","COMPLETED","MISDEMEANOR","MANHATTAN","INSIDE","DEPARTMENT STORE","N.Y. POLICE DEPT","0","(null)","(null)","(null)","987220","212676","(null)","(null)","(null)",,"40.750423","-73.98928","(40.750423, -73.98928)","PATROL BORO MAN SOUTH","(null)","(null)","UNKNOWN","D"
"10006463","2005-01-05T00:00:00.000","21:40:00","2006-01-05T00:00:00.000","00:47:00","14","2006-01-05T00:00:00.000","107","BURGLARY","213","BURGLARY,COMMERCIAL,NIGHT","COMPLETED","FELONY","MANHATTAN","INSIDE","COMMERCIAL BUILDING","N.Y. POLICE DEPT","0","(null)","(null)","(null)","987955","213028","(null)","(null)","(null)",,"40.751391","-73.986625","(40.751391, -73.986625)","PATROL BORO MAN SOUTH","(null)","(null)","UNKNOWN","D"
"10006464","2005-12-08T00:00:00.000","00:01:00",,"(null)","14","2006-01-03T00:00:00.000","341","PETIT LARCENY","338","LARCENY,PETIT FROM BUILDING,UN","COMPLETED","MISDEMEANOR","MANHATTAN","(null)","STREET","N.Y. POLICE DEPT","0","(null)","(null)","(null)","987078","215157","(null)","(null)","(null)",,"40.75723226","-73.98979219","(40.75723226, -73.98979219)","PATROL BORO MAN SOUTH","(null)","(null)","UNKNOWN","M"
"10006465","2006-01-03T00:00:00.000","15:00:00",,"(null)","14","2006-01-04T00:00:00.000","341","PETIT LARCENY","301","LARCENY,PETIT BY ACQUIRING LOS","COMPLETED","MISDEMEANOR","MANHATTAN","FRONT OF","STREET","N.Y. POLICE DEPT","0","(null)","(null)","(null)","988936","211115","(null)","(null)","(null)",,"40.746138","-73.983088","(40.746138, -73.983088)","PATROL BORO MAN SOUTH","(null)","25-44","BLACK","M"
"10006466","2005-12-29T00:00:00.000","15:00:00","2006-01-02T00:00:00.000","11:00:00","14","2006-01-04T00:00:00.000","107","BURGLARY","214","BURGLARY,COMMERCIAL,UNKNOWN TI","COMPLETED","FELONY","MANHATTAN","INSIDE","COMMERCIAL BUILDING","N.Y. POLICE DEPT","0","(null)","(null)","(null)","990725","214053","(null)","(null)","(null)",,"40.754202","-73.976626","(40.754202, -73.976626)","PATROL BORO MAN SOUTH","(null)","(null)","UNKNOWN","D"
"10006467","2006-01-04T00:00:00.000","09:00:00","2006-01-04T00:00:00.000","11:30:00","14","2006-01-04T00:00:00.000","361","OFF. AGNST PUB ORD SENSBLTY &","639","AGGRAVATED HARASSMENT 2","COMPLETED","MISDEMEANOR","MANHATTAN","INSIDE","CLOTHING/BOUTIQUE","N.Y. POLICE DEPT","0","(null)","(null)","(null)","988590","213119","(null)","(null)","(null)",,"40.751638","-73.984335","(40.751638, -73.984335)","PATROL BORO MAN SOUTH","(null)","(null)","UNKNOWN","D"
"10006468","2006-01-04T00:00:00.000","00:47:00","2006-01-04T00:00:00.000","00:47:00","14","2006-01-04T00:00:00.000","361","OFF. AGNST PUB ORD SENSBLTY &","639","AGGRAVATED HARASSMENT 2","COMPLETED","MISDEMEANOR","MANHATTAN","INSIDE","BAR/NIGHT CLUB","N.Y. POLICE DEPT","0","(null)","(null)","(null)","986506","214124","(null)","(null)","(null)",,"40.754399","-73.991856","(40.754399, -73.991856)","PATROL BORO MAN SOUTH","(null)","(null)","UNKNOWN","E"
"10006472","2006-01-05T00:00:00.000","03:15:00",,"(null)","14","2006-01-05T00:00:00.000","111","POSSESSION OF STOLEN PROPERTY","494","STOLEN PROPERTY 2,1,POSSESSION","COMPLETED","FELONY","MANHATTAN","(null)","STREET","N.Y. POLICE DEPT","0","(null)","(null)","(null)","987215","215403","(null)","(null)","(null)",,"40.75790742","-73.98929757","(40.75790742, -73.98929757)","PATROL BORO MAN SOUTH","(null)","(null)","WHITE HISPANIC","M"
"10006475","2006-01-04T00:00:00.000","20:00:00","2006-01-04T00:00:00.000","20:05:00","14","2006-01-04T00:00:00.000","109","GRAND LARCENY","438","LARCENY,GRAND FROM BUILDING (NON-RESIDENCE) UNATTENDED","COMPLETED","FELONY","MANHATTAN","INSIDE","CHAIN STORE","N.Y. POLICE DEPT","0","(null)","(null)","(null)","987472","214939","(null)","(null)","(null)",,"40.756635","-73.98837","(40.756635, -73.98837)","PATROL BORO MAN SOUTH","(null)","25-44","WHITE","F"
"10006476","2006-01-04T00:00:00.000","17:40:00",,"(null)","14","2006-01-04T00:00:00.000","109","GRAND LARCENY","439","LARCENY,GRAND FROM OPEN AREAS, UNATTENDED","COMPLETED","FELONY","MANHATTAN","FRONT OF","STREET","N.Y. POLICE DEPT","0","(null)","(null)","(null)","986858","211974","(null)","(null)","(null)",,"40.748498","-73.990586","(40.748498, -73.990586)","PATROL BORO MAN SOUTH","(null)","45-64","WHITE","M"
"10006477","2006-01-04T00:00:00.000","09:30:00","2006-01-04T00:00:00.000","21:45:00","14","2006-01-04T00:00:00.000","107","BURGLARY","221","BURGLARY,RESIDENCE,DAY","COMPLETED","FELONY","MANHATTAN","INSIDE","RESIDENCE - APT. HOUSE","N.Y. POLICE DEPT","0","(null)","(null)","(null)","988974","210653","(null)","(null)","(null)",,"40.74487","-73.98295","(40.74487, -73.98295)","PATROL BORO MAN SOUTH","(null)","25-44","ASIAN / PACIFIC ISLANDER","F"
"10006481","2006-01-05T00:00:00.000","11:00:00","2006-01-05T00:00:00.000","11:15:00","14","2006-01-05T00:00:00.000","113","FORGERY","729","FORGERY,ETC.,UNCLASSIFIED-FELO","COMPLETED","FELONY","MANHATTAN","(null)","TRANSIT - NYC SUBWAY","N.Y. TRANSIT POLICE","1","(null)","(null)","(null)","986848","212883","(null)","(null)","(null)","2","40.75099078","-73.99062326","(40.75099078, -73.99062326)","PATROL BORO MAN SOUTH","34 ST.-PENN STATION","(null)","UNKNOWN","E"
"10006483","2006-01-05T00:00:00.000","13:00:00","2006-01-05T00:00:00.000","13:55:00","14","2006-01-05T00:00:00.000","341","PETIT LARCENY","333","LARCENY,PETIT FROM STORE-SHOPL","COMPLETED","MISDEMEANOR","MANHATTAN","INSIDE","DEPARTMENT STORE","N.Y. POLICE DEPT","0","(null)","(null)","(null)","987220","212676","(null)","(null)","(null)",,"40.750423","-73.98928","(40.750423, -73.98928)","PATROL BORO MAN SOUTH","(null)","(null)","UNKNOWN","D"
"10006484","2006-01-04T00:00:00.000","14:00:00","2006-01-04T00:00:00.000","14:05:00","14","2006-01-05T00:00:00.000","360","(null)","661","LEWDNESS,PUBLIC","COMPLETED","MISDEMEANOR","MANHATTAN","INSIDE","PUBLIC SCHOOL","N.Y. POLICE DEPT","0","(null)","(null)","(null)","989508","211092","(null)","(null)","(null)",,"40.746075","-73.981022","(40.746075, -73.981022)","PATROL BORO MAN SOUTH","(null)","18-24","WHITE","M"
"10006485","2006-01-05T00:00:00.000","11:31:00",,"(null)","14","2006-01-05T00:00:00.000","113","FORGERY","729","FORGERY,ETC.,UNCLASSIFIED-FELO","COMPLETED","FELONY","MANHATTAN","INSIDE","COMMERCIAL BUILDING","N.Y. POLICE DEPT","0","(null)","(null)","(null)","985945","212183","(null)","(null)","(null)",,"40.749071","-73.99388","(40.749071, -73.99388)","PATROL BORO MAN SOUTH","(null)","(null)","UNKNOWN","E"
"10006487","2006-01-05T00:00:00.000","12:55:00","2006-01-05T00:00:00.000","12:55:00","14","2006-01-05T00:00:00.000","341","PETIT LARCENY","333","LARCENY,PETIT FROM STORE-SHOPL","COMPLETED","MISDEMEANOR","MANHATTAN","INSIDE","COMMERCIAL BUILDING","N.Y. POLICE DEPT","0","(null)","(null)","(null)","987220","212676","(null)","(null)","(null)",,"40.750423","-73.98928","(40.750423, -73.98928)","PATROL BORO MAN SOUTH","(null)","(null)","UNKNOWN","D"
"10006488","2006-01-03T00:00:00.000","08:30:00",,"(null)","14","2006-01-04T00:00:00.000","361","OFF. AGNST PUB ORD SENSBLTY &","639","AGGRAVATED HARASSMENT 2","COMPLETED","MISDEMEANOR","MANHATTAN","INSIDE","COMMERCIAL BUILDING","N.Y. POLICE DEPT","0","(null)","(null)","(null)","987508","211761","(null)","(null)","(null)",,"40.747912","-73.988241","(40.747912, -73.988241)","PATROL BORO MAN SOUTH","(null)","45-64","WHITE","M"
"10006489","2006-01-05T00:00:00.000","14:25:00","2006-01-05T00:00:00.000","14:25:00","14","2006-01-05T00:00:00.000","341","PETIT LARCENY","333","LARCENY,PETIT FROM STORE-SHOPL","COMPLETED","MISDEMEANOR","MANHATTAN","INSIDE","COMMERCIAL BUILDING","N.Y. POLICE DEPT","0","(null)","(null)","(null)","987220","212676","(null)","(null)","(null)",,"40.750423","-73.98928","(40.750423, -73.98928)","PATROL BORO MAN SOUTH","(null)","(null)","UNKNOWN","D"
"10006490","2006-01-04T00:00:00.000","12:00:00","2006-01-04T00:00:00.000","12:30:00","14","2006-01-05T00:00:00.000","106","FELONY ASSAULT","109","ASSAULT 2,1,UNCLASSIFIED","COMPLETED","FELONY","MANHATTAN","INSIDE","SMALL MERCHANT","N.Y. POLICE DEPT","0","(null)","(null)","(null)","987111","212421","(null)","UNKNOWN","(null)",,"40.749725","-73.989674","(40.749725, -73.989674)","PATROL BORO MAN SOUTH","(null)","(null)","ASIAN / PACIFIC ISLANDER","F"
"10006491","2006-01-05T00:00:00.000","14:45:00","2006-01-05T00:00:00.000","15:36:00","14","2006-01-05T00:00:00.000","109","GRAND LARCENY","438","LARCENY,GRAND FROM BUILDING (NON-RESIDENCE) UNATTENDED","COMPLETED","FELONY","MANHATTAN","INSIDE","CLOTHING/BOUTIQUE","N.Y. POLICE DEPT","0","(null)","(null)","(null)","985821","211958","(null)","(null)","(null)",,"40.748454","-73.994329","(40.748454, -73.994329)","PATROL BORO MAN SOUTH","(null)","(null)","UNKNOWN","D"
"10006495","2006-01-05T00:00:00.000","14:25:00","2006-01-05T00:00:00.000","14:25:00","14","2006-01-05T00:00:00.000","341","PETIT LARCENY","333","LARCENY,PETIT FROM STORE-SHOPL","COMPLETED","MISDEMEANOR","MANHATTAN","INSIDE","CHAIN STORE","N.Y. POLICE DEPT","0","(null)","(null)","(null)","987220","212676","(null)","(null)","(null)",,"40.750423","-73.98928","(40.750423, -73.98928)","PATROL BORO MAN SOUTH","(null)","(null)","UNKNOWN","D"
"10006496","2006-01-05T00:00:00.000","15:30:00",,"(null)","14","2006-01-05T00:00:00.000","113","FORGERY","729","FORGERY,ETC.,UNCLASSIFIED-FELO","COMPLETED","FELONY","MANHATTAN","FRONT OF","STREET","N.Y. POLICE DEPT","0","(null)","(null)","(null)","986982","212197","(null)","(null)","(null)",,"40.74911","-73.990139","(40.74911, -73.990139)","PATROL BORO MAN SOUTH","(null)","(null)","UNKNOWN","D"
"10006497","2005-11-14T00:00:00.000","18:00:00","2006-01-05T00:00:00.000","17:48:00","14","2006-01-05T00:00:00.000","341","PETIT LARCENY","307","LARCENY,PETIT BY DISHONEST EMP","COMPLETED","MISDEMEANOR","MANHATTAN","INSIDE","COMMERCIAL BUILDING","N.Y. POLICE DEPT","0","(null)","(null)","(null)","988190","215311","(null)","(null)","(null)",,"40.757656","-73.985776","(40.757656, -73.985776)","PATROL BORO MAN SOUTH","(null)","(null)","UNKNOWN","D"
"10006498","2006-01-05T00:00:00.000","17:30:00","2006-01-05T00:00:00.000","17:34:00","14","2006-01-05T00:00:00.000","113","FORGERY","729","FORGERY,ETC.,UNCLASSIFIED-FELO","COMPLETED","FELONY","MANHATTAN","FRONT OF","STREET","N.Y. POLICE DEPT","0","(null)","(null)","(null)","985679","213954","(null)","(null)","(null)",,"40.75393917","-73.99484365","(40.75393917, -73.99484365)","PATROL BORO MAN SOUTH","(null)","(null)","UNKNOWN","E"
"10006500","2006-01-05T00:00:00.000","18:35:00",,"(null)","14","2006-01-05T00:00:00.000","111","POSSESSION OF STOLEN PROPERTY","494","STOLEN PROPERTY 2,1,POSSESSION","COMPLETED","FELONY","MANHATTAN","(null)","TRANSIT - NYC SUBWAY","N.Y. TRANSIT POLICE","1","(null)","(null)","(null)","987078","215157","(null)","(null)","(null)","1","40.75723226","-73.98979219","(40.75723226, -73.98979219)","PATROL BORO MAN SOUTH","42 ST.-PORT AUTHORITY BUS TERM","(null)","UNKNOWN","E"
"10006503","2006-01-05T00:00:00.000","16:18:00",,"(null)","14","2006-01-05T00:00:00.000","105","ROBBERY","399","ROBBERY,COMMERCIAL UNCLASSIFIED","COMPLETED","FELONY","MANHATTAN","INSIDE","COMMERCIAL BUILDING","N.Y. POLICE DEPT","0","(null)","(null)","(null)","987430","211215","(null)","(null)","(null)",,"40.746412","-73.988522","(40.746412, -73.988522)","PATROL BORO MAN SOUTH","(null)","25-44","UNKNOWN","M"
"10006504","2006-01-05T00:00:00.000","20:50:00","2006-01-05T00:00:00.000","20:55:00","14","2006-01-05T00:00:00.000","113","FORGERY","729","FORGERY,ETC.,UNCLASSIFIED-FELO","COMPLETED","FELONY","MANHATTAN","INSIDE","CHAIN STORE","N.Y. POLICE DEPT","0","(null)","(null)","(null)","987220","212676","(null)","(null)","(null)",,"40.750423","-73.98928","(40.750423, -73.98928)","PATROL BORO MAN SOUTH","(null)","(null)","UNKNOWN","D"
"10006506","2006-01-05T00:00:00.000","21:05:00","2006-01-05T00:00:00.000","21:15:00","14","2006-01-05T00:00:00.000","341","PETIT LARCENY","339","LARCENY,PETIT FROM OPEN AREAS,","COMPLETED","MISDEMEANOR","MANHATTAN","(null)","TRANSIT - NYC SUBWAY","N.Y. TRANSIT POLICE","1","(null)","(null)","(null)","986061","213320","(null)","(null)","(null)","2","40.75219043","-73.99346359","(40.75219043, -73.99346359)","PATROL BORO MAN SOUTH","34 ST.-PENN STATION","(null)","UNKNOWN","E"
"10006509","2006-01-05T00:00:00.000","16:30:00","2006-01-05T00:00:00.000","16:30:00","14","2006-01-05T00:00:00.000","341","PETIT LARCENY","333","LARCENY,PETIT FROM STORE-SHOPL","COMPLETED","MISDEMEANOR","MANHATTAN","INSIDE","COMMERCIAL BUILDING","N.Y. POLICE DEPT","0","(null)","(null)","(null)","987220","212676","(null)","(null)","(null)",,"40.750423","-73.98928","(40.750423, -73.98928)","PATROL BORO MAN SOUTH","(null)","(null)","UNKNOWN","D"
"10006510","2006-01-05T00:00:00.000","22:25:00","2006-01-05T00:00:00.000","22:27:00","14","2006-01-05T00:00:00.000","235","DANGEROUS DRUGS","567","MARIJUANA, POSSESSION 4 & 5","COMPLETED","MISDEMEANOR","MANHATTAN","FRONT OF","STREET","N.Y. POLICE DEPT","0","(null)","(null)","(null)","985615","212515","(null)","(null)","(null)",,"40.749982","-73.995071","(40.749982, -73.995071)","PATROL BORO MAN SOUTH","(null)","(null)","UNKNOWN","E"
"10006511","2005-12-30T00:00:00.000","09:45:00",,"(null)","14","2006-01-05T00:00:00.000","341","PETIT LARCENY","339","LARCENY,PETIT FROM OPEN AREAS,","COMPLETED","MISDEMEANOR","MANHATTAN","FRONT OF","COMMERCIAL BUILDING","N.Y. POLICE DEPT","0","(null)","(null)","(null)","988718","214409","(null)","(null)","(null)",,"40.755179","-73.983871","(40.755179, -73.983871)","PATROL BORO MAN SOUTH","(null)","(null)","UNKNOWN","D"
"10006512","2006-01-05T00:00:00.000","14:45:00","2006-01-05T00:00:00.000","14:50:00","14","2006-01-05T00:00:00.000","341","PETIT LARCENY","333","LARCENY,PETIT FROM STORE-SHOPL","COMPLETED","MISDEMEANOR","MANHATTAN","INSIDE","JEWELRY","N.Y. POLICE DEPT","0","(null)","(null)","(null)","986454","213101","(null)","BLACK","M",,"40.751591","-73.992043","(40.751591, -73.992043)","PATROL BORO MAN SOUTH","(null)","(null)","UNKNOWN","D"
"10006513","2006-01-04T00:00:00.000","19:10:00","2006-01-04T00:00:00.000","19:15:00","14","2006-01-05T00:00:00.000","341","PETIT LARCENY","338","LARCENY,PETIT FROM BUILDING,UN","COMPLETED","MISDEMEANOR","MANHATTAN","(null)","GYM/FITNESS FACILITY","N.Y. POLICE DEPT","0","(null)","(null)","(null)","987728","214480","(null)","(null)","(null)",,"40.75537384","-73.98744633","(40.75537384, -73.98744633)","PATROL BORO MAN SOUTH","(null)","25-44","WHITE","M"
"10006514","2006-01-05T00:00:00.000","20:11:00",,"(null)","14","2006-01-05T00:00:00.000","113","FORGERY","729","FORGERY,ETC.,UNCLASSIFIED-FELO","COMPLETED","FELONY","MANHATTAN","INSIDE","CLOTHING/BOUTIQUE","N.Y. POLICE DEPT","0","(null)","(null)","(null)","990190","213903","(null)","(null)","(null)",,"40.75379","-73.978558","(40.75379, -73.978558)","PATROL BORO MAN SOUTH","(null)","(null)","UNKNOWN","D"
"10006516","2006-01-05T00:00:00.000","22:20:00","2006-01-05T00:00:00.000","22:25:00","14","2006-01-05T00:00:00.000","341","PETIT LARCENY","339","LARCENY,PETIT FROM OPEN AREAS,","COMPLETED","MISDEMEANOR","MANHATTAN","(null)","TRANSIT - NYC SUBWAY","N.Y. TRANSIT POLICE","1","(null)","(null)","(null)","987639","212445","(null)","(null)","(null)","2","40.74978831","-73.98776859","(40.74978831, -73.98776859)","PATROL BORO MAN SOUTH","34 ST.-HERALD SQ.","(null)","UNKNOWN","D"
"10006517","2006-01-06T00:00:00.000","04:20:00","2006-01-06T00:00:00.000","04:20:00","14","2006-01-06T00:00:00.000","106","FELONY ASSAULT","106","ASSAULT POLICE/PEACE OFFICER","COMPLETED","FELONY","MANHATTAN","(null)","TRANSIT - NYC SUBWAY","N.Y. TRANSIT POLICE","1","(null)","(null)","(null)","987639","212445","(null)","(null)","(null)","2","40.74978831","-73.98776859","(40.74978831, -73.98776859)","PATROL BORO MAN SOUTH","34 ST.-HERALD SQ.","25-44","BLACK","M"
"10006518","2006-01-02T00:00:00.000","00:01:00",,"(null)","14","2006-01-06T00:00:00.000","341","PETIT LARCENY","339","LARCENY,PETIT FROM OPEN AREAS,","COMPLETED","MISDEMEANOR","MANHATTAN","(null)","TRANSIT - NYC SUBWAY","N.Y. TRANSIT POLICE","1","(null)","(null)","(null)","988017","214638","(null)","UNKNOWN","U","1","40.75580739","-73.98640311","(40.75580739, -73.98640311)","PATROL BORO MAN SOUTH","42 ST.-TIMES SQUARE","25-44","WHITE","M"
"10006519","2006-01-02T00:00:00.000","08:20:00",,"(null)","17","2006-01-02T00:00:00.000","344","ASSAULT 3 & RELATED OFFENSES","101","ASSAULT 3","COMPLETED","MISDEMEANOR","MANHATTAN","INSIDE","BAR/NIGHT CLUB","N.Y. POLICE DEPT","0","(null)","(null)","(null)","990244","210843","(null)","(null)","(null)",,"40.745393","-73.978365","(40.745393, -73.978365)","PATROL BORO MAN SOUTH","(null)","25-44","WHITE HISPANIC","M"
"10006521","2005-12-28T00:00:00.000","19:00:00",,"(null)","17","2006-01-02T00:00:00.000","109","GRAND LARCENY","438","LARCENY,GRAND FROM BUILDING (NON-RESIDENCE) UNATTENDED","COMPLETED","FELONY","MANHATTAN","INSIDE","BAR/NIGHT CLUB","N.Y. POLICE DEPT","0","(null)","(null)","(null)","993691","216331","(null)","UNKNOWN","U",,"40.760453","-73.965919","(40.760453, -73.965919)","PATROL BORO MAN SOUTH","(null)","45-64","WHITE","F"
"10006522","2005-12-24T00:00:00.000","16:00:00","2005-12-24T00:00:00.000","17:00:00","17","2006-01-01T00:00:00.000","344","ASSAULT 3 & RELATED OFFENSES","101","ASSAULT 3","COMPLETED","MISDEMEANOR","MANHATTAN","INSIDE","CLOTHING/BOUTIQUE","N.Y. POLICE DEPT","0","(null)","(null)","(null)","992999","216863","25-44","BLACK","M",,"40.761913","-73.968415","(40.761913, -73.968415)","PATROL BORO MAN SOUTH","(null)","18-24","BLACK","F"
"10006524","2006-01-02T00:00:00.000","19:40:00","2006-01-02T00:00:00.000","20:40:00","17","2006-01-04T00:00:00.000","361","OFF. AGNST PUB ORD SENSBLTY &","639","AGGRAVATED HARASSMENT 2","COMPLETED","MISDEMEANOR","MANHATTAN","INSIDE","HOSPITAL","N.Y. POLICE DEPT","0","(null)","(null)","(null)","991266","209676","(null)","WHITE","F",,"40.742188","-73.974679","(40.742188, -73.974679)","PATROL BORO MAN SOUTH","(null)","25-44","WHITE","F"
"10006525","2006-01-01T00:00:00.000","12:00:00","2006-01-01T00:00:00.000","13:00:00","17","2006-01-01T00:00:00.000","109","GRAND LARCENY","438","LARCENY,GRAND FROM BUILDING (NON-RESIDENCE) UNATTENDED","COMPLETED","FELONY","MANHATTAN","INSIDE","CHURCH","N.Y. POLICE DEPT","0","(null)","(null)","(null)","992281","212277","(null)","(null)","(null)",,"40.749325","-73.971015","(40.749325, -73.971015)","PATROL BORO MAN SOUTH","(null)","65+","WHITE","F"
"10006526","2005-12-24T00:00:00.000","19:00:00","2006-01-02T00:00:00.000","01:00:00","17","2006-01-02T00:00:00.000","109","GRAND LARCENY","438","LARCENY,GRAND FROM BUILDING (NON-RESIDENCE) UNATTENDED","COMPLETED","FELONY","MANHATTAN","INSIDE","DOCTOR/DENTIST OFFICE","N.Y. POLICE DEPT","0","(null)","(null)","(null)","989579","212277","(null)","(null)","(null)",,"40.749327","-73.980764","(40.749327, -73.980764)","PATROL BORO MAN SOUTH","(null)","25-44","WHITE","M"
"10006532","2006-01-05T00:00:00.000","13:10:00",,"(null)","17","2006-01-05T00:00:00.000","352","CRIMINAL TRESPASS","205","TRESPASS 2, CRIMINAL","COMPLETED","MISDEMEANOR","MANHATTAN","INSIDE","HOTEL/MOTEL","N.Y. POLICE DEPT","0","(null)","(null)","(null)","991641","212630","(null)","(null)","(null)",,"40.750294","-73.973324","(40.750294, -73.973324)","PATROL BORO MAN SOUTH","(null)","(null)","UNKNOWN","D"
"10006534","2005-10-01T00:00:00.000","09:00:00","2005-11-01T00:00:00.000","09:01:00","17","2006-01-05T00:00:00.000","109","GRAND LARCENY","438","LARCENY,GRAND FROM BUILDING (NON-RESIDENCE) UNATTENDED","COMPLETED","FELONY","MANHATTAN","INSIDE","RESIDENCE - APT. HOUSE","N.Y. POLICE DEPT","0","(null)","(null)","(null)","994193","215733","(null)","(null)","(null)",,"40.758808","-73.964109","(40.758808, -73.964109)","PATROL BORO MAN SOUTH","(null)","65+","WHITE","F"
"10006535","2006-01-05T00:00:00.000","16:30:00","2006-01-05T00:00:00.000","16:30:00","17","2006-01-05T00:00:00.000","578","HARRASSMENT 2","637","HARASSMENT,SUBD 1,CIVILIAN","COMPLETED","VIOLATION","MANHATTAN","(null)","OTHER","N.Y. POLICE DEPT","0","(null)","(null)","(null)","992351","214645","25-44","WHITE HISPANIC","M",,"40.75582369","-73.97075964","(40.75582369, -73.97075964)","PATROL BORO MAN SOUTH","(null)","18-24","WHITE HISPANIC","M"
"10006537","2006-01-05T00:00:00.000","14:45:00","2006-01-05T00:00:00.000","15:00:00","17","2006-01-05T00:00:00.000","348","VEHICLE AND TRAFFIC LAWS","916","LEAVING SCENE-ACCIDENT-PERSONA","COMPLETED","MISDEMEANOR","MANHATTAN","FRONT OF","STREET","N.Y. POLICE DEPT","0","(null)","(null)","(null)","991262","210439","(null)","UNKNOWN","U",,"40.744281","-73.974694","(40.744281, -73.974694)","PATROL BORO MAN SOUTH","(null)","25-44","WHITE","F"
"10006538","2006-01-04T00:00:00.000","22:45:00","2006-01-04T00:00:00.000","22:50:00","17","2006-01-04T00:00:00.000","344","ASSAULT 3 & RELATED OFFENSES","101","ASSAULT 3","COMPLETED","MISDEMEANOR","MANHATTAN","FRONT OF","STREET","N.Y. POLICE DEPT","0","(null)","(null)","(null)","994657","215796","18-24","BLACK","M",,"40.75898048","-73.96243441","(40.75898048, -73.96243441)","PATROL BORO MAN SOUTH","(null)","18-24","BLACK","F"
"10006539","2006-01-05T00:00:00.000","19:30:00","2006-01-05T00:00:00.000","20:15:00","17","2006-01-05T00:00:00.000","107","BURGLARY","223","BURGLARY,RESIDENCE,NIGHT","COMPLETED","FELONY","MANHATTAN","INSIDE","RESIDENCE - APT. HOUSE","N.Y. POLICE DEPT","0","(null)","(null)","(null)","990757","211035","(null)","(null)","(null)",,"40.745918","-73.976514","(40.745918, -73.976514)","PATROL BORO MAN SOUTH","(null)","25-44","WHITE","M"
"10006542","2006-01-04T00:00:00.000","14:45:00",,"(null)","18","2006-01-04T00:00:00.000","126","MISCELLANEOUS PENAL LAW","761","BRIBERY, POLICE OFFICER","ATTEMPTED","FELONY","MANHATTAN","(null)","TRANSIT - NYC SUBWAY","N.Y. TRANSIT POLICE","1","(null)","(null)","(null)","988099","217000","(null)","(null)","(null)","1","40.76229044","-73.98610578","(40.76229044, -73.98610578)","PATROL BORO MAN SOUTH","50 STREET","(null)","UNKNOWN","E"
"10006543","2006-01-04T00:00:00.000","23:55:00","2006-01-05T00:00:00.000","00:10:00","18","2006-01-05T00:00:00.000","235","DANGEROUS DRUGS","511","CONTROLLED SUBSTANCE, POSSESSI","COMPLETED","MISDEMEANOR","MANHATTAN","FRONT OF","STREET","N.Y. POLICE DEPT","0","(null)","(null)","(null)","987326","216531","(null)","(null)","(null)",,"40.761006","-73.988895","(40.761006, -73.988895)","PATROL BORO MAN SOUTH","(null)","(null)","UNKNOWN","E"
"10006544","2005-12-30T00:00:00.000","12:00:00",,"(null)","18","2006-01-04T00:00:00.000","341","PETIT LARCENY","338","LARCENY,PETIT FROM BUILDING,UN","COMPLETED","MISDEMEANOR","MANHATTAN","INSIDE","GYM/FITNESS FACILITY","N.Y. POLICE DEPT","0","(null)","(null)","(null)","988324","215536","(null)","(null)","(null)",,"40.758273","-73.985293","(40.758273, -73.985293)","PATROL BORO MAN SOUTH","(null)","18-24","WHITE HISPANIC","M"
"10006545","2006-01-01T00:00:00.000","16:15:00","2006-01-01T00:00:00.000","16:30:00","18","2006-01-01T00:00:00.000","109","GRAND LARCENY","438","LARCENY,GRAND FROM BUILDING (NON-RESIDENCE) UNATTENDED","COMPLETED","FELONY","MANHATTAN","INSIDE","RESIDENCE - APT. HOUSE","N.Y. POLICE DEPT","0","(null)","(null)","(null)","987950","219514","25-44","WHITE","M",,"40.769193","-73.98664","(40.769193, -73.98664)","PATROL BORO MAN SOUTH","(null)","25-44","WHITE HISPANIC","F"
"10006546","2005-12-18T00:00:00.000","18:00:00","2005-12-18T00:00:00.000","19:00:00","18","2006-01-04T00:00:00.000","341","PETIT LARCENY","338","LARCENY,PETIT FROM BUILDING,UN","COMPLETED","MISDEMEANOR","MANHATTAN","INSIDE","FAST FOOD","N.Y. POLICE DEPT","0","(null)","(null)","(null)","990410","214824","(null)","(null)","(null)",,"40.756317","-73.977763","(40.756317, -73.977763)","PATROL BORO MAN SOUTH","(null)","<18","WHITE HISPANIC","M"
"10006547","2006-01-02T00:00:00.000","17:15:00",,"(null)","18","2006-01-02T00:00:00.000","578","HARRASSMENT 2","637","HARASSMENT,SUBD 1,CIVILIAN","COMPLETED","VIOLATION","MANHATTAN","INSIDE","RESIDENCE - APT. HOUSE","N.Y. POLICE DEPT","0","(null)","(null)","(null)","986414","216743","45-64","WHITE HISPANIC","M",,"40.761587","-73.992186","(40.761587, -73.992186)","PATROL BORO MAN SOUTH","(null)","45-64","WHITE HISPANIC","F"
"10006548","2006-01-02T00:00:00.000","19:50:00",,"(null)","18","2006-01-02T00:00:00.000","578","HARRASSMENT 2","637","HARASSMENT,SUBD 1,CIVILIAN","COMPLETED","VIOLATION","MANHATTAN","INSIDE","RESIDENCE - APT. HOUSE","N.Y. POLICE DEPT","0","(null)","(null)","(null)","986305","219332","<18","ASIAN / PACIFIC ISLANDER","F",,"40.768694","-73.992578","(40.768694, -73.992578)","PATROL BORO MAN SOUTH","(null)","45-64","ASIAN / PACIFIC ISLANDER","F"
"10006549","2006-01-04T00:00:00.000","16:24:00","2006-01-04T00:00:00.000","16:30:00","18","2006-01-04T00:00:00.000","109","GRAND LARCENY","433","LARCENY,GRAND FROM STORE-SHOPL","COMPLETED","FELONY","MANHATTAN","INSIDE","DEPARTMENT STORE","N.Y. POLICE DEPT","0","(null)","(null)","(null)","990882","216203","(null)","(null)","(null)",,"40.760103","-73.976059","(40.760103, -73.976059)","PATROL BORO MAN SOUTH","(null)","(null)","UNKNOWN","D"
"10006550","2005-12-29T00:00:00.000","21:30:00","2005-12-29T00:00:00.000","21:45:00","18","2006-01-04T00:00:00.000","109","GRAND LARCENY","438","LARCENY,GRAND FROM BUILDING (NON-RESIDENCE) UNATTENDED","COMPLETED","FELONY","MANHATTAN","INSIDE","FAST FOOD","N.Y. POLICE DEPT","0","(null)","(null)","(null)","988451","215759","(null)","(null)","(null)",,"40.758887","-73.984834","(40.758887, -73.984834)","PATROL BORO MAN SOUTH","(null)","(null)","UNKNOWN","F"
"10006551","2005-12-07T00:00:00.000","19:30:00",,"(null)","18","2006-01-03T00:00:00.000","341","PETIT LARCENY","339","LARCENY,PETIT FROM OPEN AREAS,","COMPLETED","MISDEMEANOR","MANHATTAN","(null)","PARK/PLAYGROUND","N.Y. POLICE DEPT","0","(null)","(null)","(null)","990693","215862","(null)","(null)","(null)",,"40.75916541","-73.97674298","(40.75916541, -73.97674298)","PATROL BORO MAN SOUTH","(null)","25-44","WHITE","F"
"10006555","2006-01-02T00:00:00.000","10:00:00",,"(null)","18","2006-01-02T00:00:00.000","109","GRAND LARCENY","415","LARCENY,GRAND FROM PERSON,PICK","COMPLETED","FELONY","MANHATTAN","(null)","RESTAURANT/DINER","N.Y. POLICE DEPT","0","(null)","(null)","(null)","989040","214989","(null)","UNKNOWN","U",,"40.7567703","-73.98271037","(40.7567703, -73.98271037)","PATROL BORO MAN SOUTH","(null)","45-64","WHITE","M"
"10006557","2006-01-04T00:00:00.000","13:00:00","2006-01-04T00:00:00.000","13:00:00","18","2006-01-05T00:00:00.000","361","OFF. AGNST PUB ORD SENSBLTY &","639","AGGRAVATED HARASSMENT 2","COMPLETED","MISDEMEANOR","MANHATTAN","INSIDE","PUBLIC BUILDING","N.Y. POLICE DEPT","0","(null)","(null)","(null)","989026","215890","65+","WHITE","M",,"40.759243","-73.982757","(40.759243, -73.982757)","PATROL BORO MAN SOUTH","(null)","45-64","WHITE","F"
"10006558","2006-01-03T00:00:00.000","15:00:00",,"(null)","18","2006-01-04T00:00:00.000","109","GRAND LARCENY","401","LARCENY,GRAND BY ACQUIRING LOS","COMPLETED","FELONY","MANHATTAN","INSIDE","HOTEL/MOTEL","N.Y. POLICE DEPT","0","(null)","(null)","(null)","989202","217133","(null)","(null)","(null)",,"40.762656","-73.982122","(40.762656, -73.982122)","PATROL BORO MAN SOUTH","(null)","25-44","UNKNOWN","F"
"10006559","2005-11-05T00:00:00.000","18:44:00","2005-11-18T00:00:00.000","16:52:00","18","2006-01-05T00:00:00.000","109","GRAND LARCENY","405","LARCENY,GRAND BY THEFT OF CREDIT CARD","COMPLETED","FELONY","MANHATTAN","INSIDE","COMMERCIAL BUILDING","N.Y. POLICE DEPT","0","(null)","(null)","(null)","990536","215053","(null)","(null)","(null)",,"40.756945","-73.97731","(40.756945, -73.97731)","PATROL BORO MAN SOUTH","(null)","25-44","WHITE","F"
"10006561","2005-12-22T00:00:00.000","16:00:00",,"(null)","18","2006-01-05T00:00:00.000","341","PETIT LARCENY","321","LARCENY,PETIT FROM AUTO","COMPLETED","MISDEMEANOR","MANHATTAN","(null)","OTHER","N.Y. POLICE DEPT","0","(null)","(null)","(null)","985231","217395","(null)","(null)","(null)",,"40.76337539","-73.9964587","(40.76337539, -73.9964587)","PATROL BORO MAN SOUTH","(null)","45-64","WHITE","F"
"10006562","2005-12-09T00:00:00.000","16:55:00","2005-12-09T00:00:00.000","16:56:00","18","2006-01-05T00:00:00.000","109","GRAND LARCENY","438","LARCENY,GRAND FROM BUILDING (NON-RESIDENCE) UNATTENDED","COMPLETED","FELONY","MANHATTAN","INSIDE","RESTAURANT/DINER","N.Y. POLICE DEPT","0","(null)","(null)","(null)","986995","216865","(null)","(null)","(null)",,"40.761921","-73.990089","(40.761921, -73.990089)","PATROL BORO MAN SOUTH","(null)","25-44","WHITE","M"
"10006563","2005-12-31T00:00:00.000","12:00:00",,"(null)","18","2006-01-05T00:00:00.000","113","FORGERY","729","FORGERY,ETC.,UNCLASSIFIED-FELO","COMPLETED","FELONY","MANHATTAN","FRONT OF","RESTAURANT/DINER","N.Y. POLICE DEPT","0","(null)","(null)","(null)","988541","217797","(null)","(null)","(null)",,"40.76448","-73.984508","(40.76448, -73.984508)","PATROL BORO MAN SOUTH","(null)","(null)","UNKNOWN","D"
"10006564","2006-01-05T00:00:00.000","18:15:00","2006-01-05T00:00:00.000","18:20:00","18","2006-01-05T00:00:00.000","352","CRIMINAL TRESPASS","205","TRESPASS 2, CRIMINAL","COMPLETED","MISDEMEANOR","MANHATTAN","INSIDE","RESIDENCE - APT. HOUSE","N.Y. POLICE DEPT","0","(null)","(null)","(null)","987500","217777","(null)","(null)","(null)",,"40.764425","-73.988264","(40.764425, -73.988264)","PATROL BORO MAN SOUTH","(null)","(null)","UNKNOWN","E"
"10006565","2005-01-05T00:00:00.000","15:15:00",,"(null)","18","2006-01-05T00:00:00.000","341","PETIT LARCENY","339","LARCENY,PETIT FROM OPEN AREAS,","COMPLETED","MISDEMEANOR","MANHATTAN","OPPOSITE OF","(null)","N.Y. POLICE DEPT","0","(null)","(null)","(null)","989780","218177","(null)","(null)","(null)",,"40.76552011","-73.9800367","(40.76552011, -73.9800367)","PATROL BORO MAN SOUTH","(null)","65+","WHITE","F"
"10006567","2006-01-05T00:00:00.000","08:00:00","2006-01-05T00:00:00.000","18:00:00","18","2006-01-05T00:00:00.000","107","BURGLARY","221","BURGLARY,RESIDENCE,DAY","COMPLETED","FELONY","MANHATTAN","INSIDE","RESIDENCE - APT. HOUSE","N.Y. POLICE DEPT","0","(null)","(null)","(null)","986918","217653","(null)","UNKNOWN","U",,"40.764085","-73.990368","(40.764085, -73.990368)","PATROL BORO MAN SOUTH","(null)","25-44","WHITE","F"
"10006568","2006-01-05T00:00:00.000","19:25:00",,"(null)","18","2006-01-05T00:00:00.000","341","PETIT LARCENY","333","LARCENY,PETIT FROM STORE-SHOPL","COMPLETED","MISDEMEANOR","MANHATTAN","INSIDE","GROCERY/BODEGA","N.Y. POLICE DEPT","0","(null)","(null)","(null)","989127","219109","(null)","(null)","(null)",,"40.768081","-73.98239","(40.768081, -73.98239)","PATROL BORO MAN SOUTH","(null)","(null)","UNKNOWN","D"
"10006570","2005-12-31T00:00:00.000","00:40:00",,"(null)","18","2006-01-05T00:00:00.000","126","MISCELLANEOUS PENAL LAW","112","MENACING 1ST DEGREE (VICT NOT","COMPLETED","FELONY","MANHATTAN","INSIDE","RESIDENCE - APT. HOUSE","N.Y. POLICE DEPT","0","(null)","(null)","(null)","987202","216308","(null)","WHITE HISPANIC","M",,"40.760392","-73.989344","(40.760392, -73.989344)","PATROL BORO MAN SOUTH","(null)","18-24","WHITE HISPANIC","M"
"10006572","2005-12-10T00:00:00.000","04:15:00","2005-12-10T00:00:00.000","04:20:00","18","2006-01-05T00:00:00.000","106","FELONY ASSAULT","109","ASSAULT 2,1,UNCLASSIFIED","COMPLETED","FELONY","MANHATTAN","INSIDE","PARKING LOT/GARAGE (PRIVATE)","N.Y. POLICE DEPT","0","(null)","(null)","(null)","988048","216130","(null)","UNKNOWN","M",,"40.759905","-73.98629","(40.759905, -73.98629)","PATROL BORO MAN SOUTH","(null)","25-44","BLACK","M"
"10006573","2005-12-06T00:00:00.000","09:00:00","2006-01-04T00:00:00.000","12:30:00","18","2006-01-05T00:00:00.000","109","GRAND LARCENY","438","LARCENY,GRAND FROM BUILDING (NON-RESIDENCE) UNATTENDED","COMPLETED","FELONY","MANHATTAN","INSIDE","COMMERCIAL BUILDING","N.Y. POLICE DEPT","0","(null)","(null)","(null)","989861","216470","(null)","(null)","(null)",,"40.760837","-73.979743","(40.760837, -73.979743)","PATROL BORO MAN SOUTH","(null)","(null)","UNKNOWN","D"
"10006574","2006-01-05T00:00:00.000","20:30:00","2006-01-05T00:00:00.000","20:51:00","18","2006-01-05T00:00:00.000","341","PETIT LARCENY","333","LARCENY,PETIT FROM STORE-SHOPL","COMPLETED","MISDEMEANOR","MANHATTAN","INSIDE","CHAIN STORE","N.Y. POLICE DEPT","0","(null)","(null)","(null)","988324","215536","(null)","(null)","(null)",,"40.758273","-73.985293","(40.758273, -73.985293)","PATROL BORO MAN SOUTH","(null)","(null)","UNKNOWN","D"
"10006576","2005-12-31T00:00:00.000","22:30:00","2006-01-01T00:00:00.000","06:30:00","18","2006-01-05T00:00:00.000","351","CRIMINAL MISCHIEF & RELATED OF","254","MISCHIEF, CRIMINAL 4, OF MOTOR","COMPLETED","MISDEMEANOR","MANHATTAN","OPPOSITE OF","STREET","N.Y. POLICE DEPT","0","(null)","(null)","(null)","992489","217000","(null)","(null)","(null)",,"40.76228744","-73.97025865","(40.76228744, -73.97025865)","PATROL BORO MAN SOUTH","(null)","45-64","BLACK","M"
"10006578","2005-01-04T00:00:00.000","12:00:00","2006-01-05T00:00:00.000","10:00:00","18","2006-01-05T00:00:00.000","341","PETIT LARCENY","338","LARCENY,PETIT FROM BUILDING,UN","COMPLETED","MISDEMEANOR","MANHATTAN","INSIDE","HOTEL/MOTEL","N.Y. POLICE DEPT","0","(null)","(null)","(null)","989581","217817","(null)","(null)","(null)",,"40.764533","-73.980754","(40.764533, -73.980754)","PATROL BORO MAN SOUTH","(null)","(null)","UNKNOWN","F"
"10006579","2006-01-04T00:00:00.000","09:15:00","2006-01-04T00:00:00.000","17:30:00","18","2006-01-05T00:00:00.000","341","PETIT LARCENY","343","LARCENY,PETIT OF BICYCLE","COMPLETED","MISDEMEANOR","MANHATTAN","FRONT OF","STREET","N.Y. POLICE DEPT","0","(null)","(null)","(null)","990029","215482","(null)","(null)","(null)",,"40.758124","-73.979137","(40.758124, -73.979137)","PATROL BORO MAN SOUTH","(null)","25-44","WHITE","M"
"10006581","2005-11-08T00:00:00.000","12:00:00",,"(null)","18","2006-01-05T00:00:00.000","112","THEFT-FRAUD","739","FRAUD,UNCLASSIFIED-FELONY","COMPLETED","FELONY","MANHATTAN","INSIDE","COMMERCIAL BUILDING","N.Y. POLICE DEPT","0","(null)","(null)","(null)","988855","217773","(null)","(null)","(null)",,"40.764413","-73.983376","(40.764413, -73.983376)","PATROL BORO MAN SOUTH","(null)","(null)","UNKNOWN","D"
"10006582","2006-01-06T00:00:00.000","00:40:00","2006-01-06T00:00:00.000","00:51:00","18","2006-01-06T00:00:00.000","106","FELONY ASSAULT","109","ASSAULT 2,1,UNCLASSIFIED","ATTEMPTED","FELONY","MANHATTAN","FRONT OF","STREET","N.Y. POLICE DEPT","0","(null)","(null)","(null)","992266","217123","(null)","(null)","(null)",,"40.762626","-73.971063","(40.762626, -73.971063)","PATROL BORO MAN SOUTH","(null)","25-44","WHITE","M"
"10006583","2006-01-06T00:00:00.000","00:05:00","2006-01-06T00:00:00.000","00:05:00","18","2006-01-06T00:00:00.000","109","GRAND LARCENY","419","LARCENY,GRAND FROM PERSON,UNCL","COMPLETED","FELONY","MANHATTAN","(null)","STREET","N.Y. POLICE DEPT","0","(null)","(null)","(null)","987595","216089","(null)","(null)","(null)",,"40.75979018","-73.98792558","(40.75979018, -73.98792558)","PATROL BORO MAN SOUTH","(null)","25-44","WHITE","M"
"10006584","2006-01-05T00:00:00.000","20:55:00",,"(null)","18","2006-01-05T00:00:00.000","109","GRAND LARCENY","433","LARCENY,GRAND FROM STORE-SHOPL","COMPLETED","FELONY","MANHATTAN","INSIDE","SMALL MERCHANT","N.Y. POLICE DEPT","0","(null)","(null)","(null)","988256","216612","(null)","UNKNOWN","M",,"40.761227","-73.985536","(40.761227, -73.985536)","PATROL BORO MAN SOUTH","(null)","(null)","UNKNOWN","D"
"10006588","2006-01-06T00:00:00.000","09:15:00",,"(null)","18","2006-01-06T00:00:00.000","109","GRAND LARCENY","415","LARCENY,GRAND FROM PERSON,PICK","COMPLETED","FELONY","MANHATTAN","(null)","TRANSIT - NYC SUBWAY","N.Y. TRANSIT POLICE","1","(null)","(null)","(null)","990567","217741","(null)","BLACK","M","1","40.76432287","-73.97719604","(40.76432287, -73.97719604)","PATROL BORO MAN SOUTH","57 STREET","25-44","WHITE","F"
"10006589","2006-01-06T00:00:00.000","08:46:00",,"(null)","18","2006-01-06T00:00:00.000","578","HARRASSMENT 2","638","HARASSMENT,SUBD 3,4,5","COMPLETED","VIOLATION","MANHATTAN","(null)","TRANSIT - NYC SUBWAY","N.Y. TRANSIT POLICE","1","(null)","(null)","(null)","988353","217918","(null)","BLACK","M","1","40.76481845","-73.98518947","(40.76481845, -73.98518947)","PATROL BORO MAN SOUTH","59 ST.-COLUMBUS CIRCLE","45-64","WHITE","M"
"10006590","2006-01-04T00:00:00.000","12:45:00","2006-01-04T00:00:00.000","13:00:00","19","2006-01-04T00:00:00.000","109","GRAND LARCENY","415","LARCENY,GRAND FROM PERSON,PICK","COMPLETED","FELONY","MANHATTAN","(null)","CHAIN STORE","N.Y. POLICE DEPT","0","(null)","(null)","(null)","993316","217435","(null)","(null)","(null)",,"40.76348059","-73.96727274","(40.76348059, -73.96727274)","PATROL BORO MAN NORTH","(null)","25-44","ASIAN / PACIFIC ISLANDER","F"
"10006591","2006-01-05T00:00:00.000","02:20:00",,"(null)","19","2006-01-05T00:00:00.000","118","DANGEROUS WEAPONS","793","WEAPONS POSSESSION 3","COMPLETED","FELONY","MANHATTAN","(null)","STREET","N.Y. POLICE DEPT","0","(null)","(null)","(null)","994740","222113","(null)","(null)","(null)",,"40.77631891","-73.96212495","(40.77631891, -73.96212495)","PATROL BORO MAN NORTH","(null)","(null)","UNKNOWN","E"
"10006592","2006-01-04T00:00:00.000","11:30:00",,"(null)","19","2006-01-04T00:00:00.000","341","PETIT LARCENY","333","LARCENY,PETIT FROM STORE-SHOPL","COMPLETED","MISDEMEANOR","MANHATTAN","INSIDE","CHAIN STORE","N.Y. POLICE DEPT","0","(null)","(null)","(null)","995328","218555","(null)","UNKNOWN","M",,"40.766554","-73.960005","(40.766554, -73.960005)","PATROL BORO MAN NORTH","(null)","(null)","UNKNOWN","D"
"10006593","2006-01-03T00:00:00.000","18:00:00",,"17:30:00","19","2006-01-04T00:00:00.000","365","ADMINISTRATIVE CODE","878","ADM.CODE,UNCLASSIFIED MISDEMEA","COMPLETED","MISDEMEANOR","MANHATTAN","INSIDE","RESIDENCE - APT. HOUSE","N.Y. POLICE DEPT","0","(null)","(null)","(null)","993345","218014","25-44","WHITE","M",,"40.765072","-73.967167","(40.765072, -73.967167)","PATROL BORO MAN NORTH","(null)","45-64","WHITE","F"
"10006594","2006-01-03T00:00:00.000","20:45:00","2006-01-04T00:00:00.000","07:30:00","19","2006-01-04T00:00:00.000","341","PETIT LARCENY","321","LARCENY,PETIT FROM AUTO","COMPLETED","MISDEMEANOR","MANHATTAN","(null)","STREET","N.Y. POLICE DEPT","0","(null)","(null)","(null)","998915","223480","(null)","(null)","(null)",,"40.78006502","-73.94704778","(40.78006502, -73.94704778)","PATROL BORO MAN NORTH","(null)","25-44","WHITE","M"
"10006595","2005-01-05T00:00:00.000","10:00:00","2006-01-05T00:00:00.000","10:37:00","19","2006-01-05T00:00:00.000","344","ASSAULT 3 & RELATED OFFENSES","101","ASSAULT 3","COMPLETED","MISDEMEANOR","MANHATTAN","INSIDE","RESIDENCE - APT. HOUSE","N.Y. POLICE DEPT","0","(null)","(null)","(null)","997321","225718","(null)","(null)","(null)",,"40.786211","-73.952798","(40.786211, -73.952798)","PATROL BORO MAN NORTH","(null)","45-64","WHITE","F"
"10006596","2006-01-05T00:00:00.000","17:30:00","2006-01-05T00:00:00.000","17:40:00","19","2006-01-05T00:00:00.000","105","ROBBERY","397","ROBBERY,OPEN AREA UNCLASSIFIED","COMPLETED","FELONY","MANHATTAN","(null)","PARK/PLAYGROUND","N.Y. POLICE DEPT","0","(null)","(null)","(null)","998117","219619","(null)","UNKNOWN","M",,"40.76946888","-73.94993716","(40.76946888, -73.94993716)","PATROL BORO MAN NORTH","(null)","(null)","ASIAN / PACIFIC ISLANDER","M"
"10006598","2006-01-05T00:00:00.000","19:30:00","2006-01-05T00:00:00.000","19:35:00","19","2006-01-05T00:00:00.000","109","GRAND LARCENY","433","LARCENY,GRAND FROM STORE-SHOPL","COMPLETED","FELONY","MANHATTAN","INSIDE","DEPARTMENT STORE","N.Y. POLICE DEPT","0","(null)","(null)","(null)","992358","217816","(null)","(null)","(null)",,"40.764528","-73.970727","(40.764528, -73.970727)","PATROL BORO MAN NORTH","(null)","(null)","UNKNOWN","D"
"10006599","2005-12-26T00:00:00.000","13:00:00","2005-12-26T00:00:00.000","13:00:00","19","2006-01-04T00:00:00.000","109","GRAND LARCENY","438","LARCENY,GRAND FROM BUILDING (NON-RESIDENCE) UNATTENDED","COMPLETED","FELONY","MANHATTAN","INSIDE","RESIDENCE - APT. HOUSE","N.Y. POLICE DEPT","0","(null)","(null)","(null)","995851","219498","18-24","AMERICAN INDIAN/ALASKAN NATIVE","M",,"40.769141","-73.958116","(40.769141, -73.958116)","PATROL BORO MAN NORTH","(null)","(null)","UNKNOWN","D"
"10006600","2006-01-05T00:00:00.000","14:10:00","2006-01-05T00:00:00.000","14:20:00","19","2006-01-05T00:00:00.000","341","PETIT LARCENY","335","LARCENY,PETIT FROM TRUCK","COMPLETED","MISDEMEANOR","MANHATTAN","INSIDE","OTHER","N.Y. POLICE DEPT","0","(null)","(null)","(null)","994708","218899","(null)","(null)","(null)",,"40.767499","-73.962242","(40.767499, -73.962242)","PATROL BORO MAN NORTH","(null)","UNKNOWN","UNKNOWN","D"
"10006601","2006-01-03T00:00:00.000","00:00:00","2006-01-04T00:00:00.000","00:00:00","19","2006-01-05T00:00:00.000","341","PETIT LARCENY","339","LARCENY,PETIT FROM OPEN AREAS,","COMPLETED","MISDEMEANOR","MANHATTAN","INSIDE","RESIDENCE - APT. HOUSE","N.Y. POLICE DEPT","0","(null)","(null)","(null)","997819","223787","(null)","(null)","(null)",,"40.780911","-73.951001","(40.780911, -73.951001)","PATROL BORO MAN NORTH","(null)","45-64","WHITE","F"
"10006603","2006-01-05T00:00:00.000","21:00:00",,"(null)","19","2006-01-05T00:00:00.000","359","OFFENSES AGAINST PUBLIC ADMINI","750","RESISTING ARREST","COMPLETED","MISDEMEANOR","MANHATTAN","INSIDE","RESIDENCE - APT. HOUSE","N.Y. POLICE DEPT","0","(null)","(null)","(null)","998200","224473","(null)","(null)","(null)",,"40.782792","-73.949626","(40.782792, -73.949626)","PATROL BORO MAN NORTH","(null)","(null)","UNKNOWN","D"
"10006608","2006-01-05T00:00:00.000","14:45:00","2006-01-05T00:00:00.000","15:00:00","19","2006-01-05T00:00:00.000","341","PETIT LARCENY","339","LARCENY,PETIT FROM OPEN AREAS,","COMPLETED","MISDEMEANOR","MANHATTAN","FRONT OF","STREET","N.Y. POLICE DEPT","0","(null)","(null)","(null)","994409","221517","(null)","(null)","(null)",,"40.774686","-73.963319","(40.774686, -73.963319)","PATROL BORO MAN NORTH","(null)","25-44","WHITE HISPANIC","M"
"10006609","2005-12-20T00:00:00.000","16:00:00","2005-12-21T00:00:00.000","17:00:00","19","2006-01-05T00:00:00.000","341","PETIT LARCENY","338","LARCENY,PETIT FROM BUILDING,UN","COMPLETED","MISDEMEANOR","MANHATTAN","INSIDE","RESIDENCE - APT. HOUSE","N.Y. POLICE DEPT","0","(null)","(null)","(null)","994655","222484","(null)","(null)","(null)",,"40.77734","-73.962429","(40.77734, -73.962429)","PATROL BORO MAN NORTH","(null)","25-44","WHITE","F"
"10006610","2006-01-04T00:00:00.000","21:00:00","2006-01-05T00:00:00.000","07:50:00","19","2006-01-05T00:00:00.000","341","PETIT LARCENY","321","LARCENY,PETIT FROM AUTO","COMPLETED","MISDEMEANOR","MANHATTAN","FRONT OF","STREET","N.Y. POLICE DEPT","0","(null)","(null)","(null)","996250","222206","(null)","(null)","(null)",,"40.776574","-73.95667","(40.776574, -73.95667)","PATROL BORO MAN NORTH","(null)","25-44","WHITE","M"
"10006611","2006-01-02T00:00:00.000","03:00:00","2006-01-02T00:00:00.000","05:30:00","19","2006-01-02T00:00:00.000","361","OFF. AGNST PUB ORD SENSBLTY &","639","AGGRAVATED HARASSMENT 2","COMPLETED","MISDEMEANOR","MANHATTAN","INSIDE","RESIDENCE - APT. HOUSE","N.Y. POLICE DEPT","0","(null)","(null)","(null)","994582","218671","(null)","(null)","(null)",,"40.766872","-73.962699","(40.766872, -73.962699)","PATROL BORO MAN NORTH","(null)","25-44","WHITE","M"
"10006612","2006-01-02T00:00:00.000","17:00:00","2006-01-02T00:00:00.000","18:00:00","19","2006-01-02T00:00:00.000","361","OFF. AGNST PUB ORD SENSBLTY &","639","AGGRAVATED HARASSMENT 2","COMPLETED","MISDEMEANOR","MANHATTAN","INSIDE","RESTAURANT/DINER","N.Y. POLICE DEPT","0","(null)","(null)","(null)","998193","223728","(null)","(null)","(null)",,"40.780747","-73.949651","(40.780747, -73.949651)","PATROL BORO MAN NORTH","(null)","18-24","UNKNOWN","F"
"10006617","2005-12-27T00:00:00.000","00:00:00","2006-01-05T00:00:00.000","15:00:00","19","2006-01-05T00:00:00.000","109","GRAND LARCENY","405","LARCENY,GRAND BY THEFT OF CREDIT CARD","COMPLETED","FELONY","MANHATTAN","INSIDE","RESIDENCE - APT. HOUSE","N.Y. POLICE DEPT","0","(null)","(null)","(null)","996910","222142","(null)","(null)","(null)",,"40.776396","-73.954287","(40.776396, -73.954287)","PATROL BORO MAN NORTH","(null)","25-44","WHITE HISPANIC","F"
"10006618","2006-01-03T00:00:00.000","16:30:00","2006-01-04T00:00:00.000","13:30:00","19","2006-01-04T00:00:00.000","109","GRAND LARCENY","438","LARCENY,GRAND FROM BUILDING (NON-RESIDENCE) UNATTENDED","COMPLETED","FELONY","MANHATTAN","INSIDE","RESIDENCE - APT. HOUSE","N.Y. POLICE DEPT","0","(null)","(null)","(null)","997026","220846","(null)","(null)","(null)",,"40.77284","-73.953871","(40.77284, -73.953871)","PATROL BORO MAN NORTH","(null)","45-64","WHITE","F"
"10006619","2005-11-21T00:00:00.000","00:00:00","2005-12-22T00:00:00.000","00:00:00","19","2006-01-03T00:00:00.000","109","GRAND LARCENY","405","LARCENY,GRAND BY THEFT OF CREDIT CARD","COMPLETED","FELONY","MANHATTAN","INSIDE","RESIDENCE - APT. HOUSE","N.Y. POLICE DEPT","0","(null)","(null)","(null)","996526","221448","(null)","(null)","(null)",,"40.774494","-73.955677","(40.774494, -73.955677)","PATROL BORO MAN NORTH","(null)","25-44","WHITE","M"
"10006620","2005-12-18T00:00:00.000","00:00:00",,"(null)","19","2006-01-04T00:00:00.000","112","THEFT-FRAUD","739","FRAUD,UNCLASSIFIED-FELONY","COMPLETED","FELONY","MANHATTAN","INSIDE","RESIDENCE - APT. HOUSE","N.Y. POLICE DEPT","0","(null)","(null)","(null)","996110","219193","(null)","(null)","(null)",,"40.768303","-73.95718","(40.768303, -73.95718)","PATROL BORO MAN NORTH","(null)","(null)","WHITE","M"
"10006621","2005-12-27T00:00:00.000","12:22:00","2005-12-30T00:00:00.000","13:00:00","19","2006-01-04T00:00:00.000","112","THEFT-FRAUD","739","FRAUD,UNCLASSIFIED-FELONY","ATTEMPTED","FELONY","MANHATTAN","INSIDE","RESIDENCE - APT. HOUSE","N.Y. POLICE DEPT","0","(null)","(null)","(null)","997304","222853","(null)","(null)","(null)",,"40.778348","-73.952863","(40.778348, -73.952863)","PATROL BORO MAN NORTH","(null)","25-44","WHITE","M"
"10006622","2006-01-04T00:00:00.000","20:00:00","2006-01-04T00:00:00.000","20:33:00","19","2006-01-04T00:00:00.000","578","HARRASSMENT 2","637","HARASSMENT,SUBD 1,CIVILIAN","COMPLETED","VIOLATION","MANHATTAN","INSIDE","RESIDENCE - APT. HOUSE","N.Y. POLICE DEPT","0","(null)","(null)","(null)","996783","221911","45-64","WHITE","M",,"40.775763","-73.954748","(40.775763, -73.954748)","PATROL BORO MAN NORTH","(null)","45-64","WHITE","F"
"10006623","2006-01-05T00:00:00.000","19:30:00","2006-01-05T00:00:00.000","20:00:00","19","2006-01-05T00:00:00.000","109","GRAND LARCENY","407","LARCENY,GRAND BY DISHONEST EMP","COMPLETED","FELONY","MANHATTAN","INSIDE","DEPARTMENT STORE","N.Y. POLICE DEPT","0","(null)","(null)","(null)","993570","216846","18-24","WHITE","M",,"40.761865","-73.966355","(40.761865, -73.966355)","PATROL BORO MAN NORTH","(null)","25-44","BLACK","F"
"10006624","2005-07-27T00:00:00.000","12:00:00","2006-01-04T00:00:00.000","20:00:00","19","2006-01-05T00:00:00.000","361","OFF. AGNST PUB ORD SENSBLTY &","639","AGGRAVATED HARASSMENT 2","COMPLETED","MISDEMEANOR","MANHATTAN","INSIDE","RESIDENCE - APT. HOUSE","N.Y. POLICE DEPT","0","(null)","(null)","(null)","993944","216788","25-44","WHITE","F",,"40.761706","-73.965005","(40.761706, -73.965005)","PATROL BORO MAN NORTH","(null)","25-44","WHITE","F"
"10006625","2005-06-15T00:00:00.000","00:00:00","2005-10-03T00:00:00.000","00:00:00","19","2006-01-05T00:00:00.000","109","GRAND LARCENY","438","LARCENY,GRAND FROM BUILDING (NON-RESIDENCE) UNATTENDED","COMPLETED","FELONY","MANHATTAN","INSIDE","RESIDENCE - APT. HOUSE","N.Y. POLICE DEPT","0","(null)","(null)","(null)","995696","224364","(null)","(null)","(null)",,"40.782498","-73.958666","(40.782498, -73.958666)","PATROL BORO MAN NORTH","(null)","65+","WHITE","F"
"10006626","2006-01-04T00:00:00.000","20:25:00","2006-01-04T00:00:00.000","20:30:00","19","2006-01-05T00:00:00.000","361","OFF. AGNST PUB ORD SENSBLTY &","639","AGGRAVATED HARASSMENT 2","COMPLETED","MISDEMEANOR","MANHATTAN","INSIDE","RESIDENCE - APT. HOUSE","N.Y. POLICE DEPT","0","(null)","(null)","(null)","997701","224301","25-44","BLACK","M",,"40.782321","-73.951429","(40.782321, -73.951429)","PATROL BORO MAN NORTH","(null)","25-44","WHITE","F"
"10006627","2006-01-04T00:00:00.000","22:35:00",,"(null)","19","2006-01-04T00:00:00.000","578","HARRASSMENT 2","637","HARASSMENT,SUBD 1,CIVILIAN","COMPLETED","VIOLATION","MANHATTAN","INSIDE","RESIDENCE - APT. HOUSE","N.Y. POLICE DEPT","0","(null)","(null)","(null)","996783","221911","45-64","WHITE","M",,"40.775763","-73.954748","(40.775763, -73.954748)","PATROL BORO MAN NORTH","(null)","45-64","WHITE","F"
"10006628","2005-12-30T00:00:00.000","13:30:00","2006-01-03T00:00:00.000","12:45:00","19","2006-01-04T00:00:00.000","578","HARRASSMENT 2","637","HARASSMENT,SUBD 1,CIVILIAN","COMPLETED","VIOLATION","MANHATTAN","INSIDE","COMMERCIAL BUILDING","N.Y. POLICE DEPT","0","(null)","(null)","(null)","992074","217826","65+","WHITE","M",,"40.764557","-73.971755","(40.764557, -73.971755)","PATROL BORO MAN NORTH","(null)","65+","WHITE","M"
"10006629","2006-01-03T00:00:00.000","12:00:00","2006-01-03T00:00:00.000","13:10:00","19","2006-01-03T00:00:00.000","578","HARRASSMENT 2","638","HARASSMENT,SUBD 3,4,5","COMPLETED","VIOLATION","MANHATTAN","INSIDE","RESIDENCE - APT. HOUSE","N.Y. POLICE DEPT","0","(null)","(null)","(null)","997701","224301","25-44","WHITE","M",,"40.782321","-73.951429","(40.782321, -73.951429)","PATROL BORO MAN NORTH","(null)","25-44","WHITE","F"
"10006630","2006-01-03T00:00:00.000","17:15:00",,"(null)","19","2006-01-04T00:00:00.000","578","HARRASSMENT 2","638","HARASSMENT,SUBD 3,4,5","COMPLETED","VIOLATION","MANHATTAN","(null)","STREET","N.Y. POLICE DEPT","0","(null)","(null)","(null)","999412","222905","25-44","WHITE","M",,"40.77848596","-73.94525452","(40.77848596, -73.94525452)","PATROL BORO MAN NORTH","(null)","(null)","WHITE","F"
"10006631","2006-01-05T00:00:00.000","20:04:00","2006-01-05T00:00:00.000","20:59:00","19","2006-01-05T00:00:00.000","361","OFF. AGNST PUB ORD SENSBLTY &","639","AGGRAVATED HARASSMENT 2","COMPLETED","MISDEMEANOR","MANHATTAN","INSIDE","RESIDENCE - APT. HOUSE","N.Y. POLICE DEPT","0","(null)","(null)","(null)","996632","220135","(null)","UNKNOWN","F",,"40.770888","-73.955296","(40.770888, -73.955296)","PATROL BORO MAN NORTH","(null)","25-44","WHITE","F"
"10006632","2006-01-06T00:00:00.000","11:27:00","2006-01-06T00:00:00.000","11:30:00","19","2006-01-06T00:00:00.000","351","CRIMINAL MISCHIEF & RELATED OF","259","CRIMINAL MISCHIEF,UNCLASSIFIED 4","COMPLETED","MISDEMEANOR","MANHATTAN","INSIDE","RESIDENCE - APT. HOUSE","N.Y. POLICE DEPT","0","(null)","(null)","(null)","998458","223432","(null)","(null)","(null)",,"40.779936","-73.948694","(40.779936, -73.948694)","PATROL BORO MAN NORTH","(null)","25-44","WHITE","F"
"10006634","2005-12-29T00:00:00.000","20:00:00","2005-12-31T00:00:00.000","08:00:00","19","2006-01-03T00:00:00.000","107","BURGLARY","224","BURGLARY,RESIDENCE,UNKNOWN TIM","ATTEMPTED","FELONY","MANHATTAN","INSIDE","RESIDENCE - APT. HOUSE","N.Y. POLICE DEPT","0","(null)","(null)","(null)","998846","222620","(null)","(null)","(null)",,"40.777707","-73.947297","(40.777707, -73.947297)","PATROL BORO MAN NORTH","(null)","45-64","WHITE","F"
"10006636","2006-01-05T00:00:00.000","00:00:00","2006-01-05T00:00:00.000","00:00:00","19","2006-01-05T00:00:00.000","578","HARRASSMENT 2","638","HARASSMENT,SUBD 3,4,5","COMPLETED","VIOLATION","MANHATTAN","FRONT OF","RESIDENCE - APT. HOUSE","N.Y. POLICE DEPT","0","(null)","(null)","(null)","998067","223500","45-64","WHITE","M",,"40.780123","-73.950109","(40.780123, -73.950109)","PATROL BORO MAN NORTH","(null)","25-44","WHITE","F"
"10006637","2005-12-14T00:00:00.000","14:15:00",,"(null)","20","2006-01-04T00:00:00.000","578","HARRASSMENT 2","637","HARASSMENT,SUBD 1,CIVILIAN","COMPLETED","VIOLATION","MANHATTAN","INSIDE","PUBLIC SCHOOL","N.Y. POLICE DEPT","0","(null)","(null)","(null)","990384","223906","(null)","WHITE HISPANIC","F",,"40.781245","-73.977851","(40.781245, -73.977851)","PATROL BORO MAN NORTH","(null)","45-64","WHITE","F"
"10006639","2005-12-31T00:00:00.000","21:45:00","2006-01-01T00:00:00.000","03:30:00","20","2006-01-04T00:00:00.000","341","PETIT LARCENY","338","LARCENY,PETIT FROM BUILDING,UN","COMPLETED","MISDEMEANOR","MANHATTAN","INSIDE","BAR/NIGHT CLUB","N.Y. POLICE DEPT","0","(null)","(null)","(null)","990454","224963","(null)","(null)","(null)",,"40.784148","-73.977596","(40.784148, -73.977596)","PATROL BORO MAN NORTH","(null)","25-44","WHITE HISPANIC","M"
"10006640","2006-01-04T00:00:00.000","19:30:00","2006-01-04T00:00:00.000","20:30:00","20","2006-01-04T00:00:00.000","341","PETIT LARCENY","338","LARCENY,PETIT FROM BUILDING,UN","COMPLETED","MISDEMEANOR","MANHATTAN","INSIDE","GYM/FITNESS FACILITY","N.Y. POLICE DEPT","0","(null)","(null)","(null)","989769","225192","(null)","(null)","(null)",,"40.784775","-73.980068","(40.784775, -73.980068)","PATROL BORO MAN NORTH","(null)","25-44","WHITE","M"
"10006642","2006-01-04T00:00:00.000","16:00:00","2006-01-04T00:00:00.000","16:15:00","20","2006-01-04T00:00:00.000","578","HARRASSMENT 2","637","HARASSMENT,SUBD 1,CIVILIAN","COMPLETED","VIOLATION","MANHATTAN","INSIDE","PUBLIC BUILDING","N.Y. POLICE DEPT","0","(null)","(null)","(null)","989536","220422","(null)","BLACK","M",,"40.771683","-73.980915","(40.771683, -73.980915)","PATROL BORO MAN NORTH","(null)","45-64","BLACK","M"
"10006643","2006-01-03T00:00:00.000","05:56:00",,"(null)","20","2006-01-04T00:00:00.000","361","OFF. AGNST PUB ORD SENSBLTY &","639","AGGRAVATED HARASSMENT 2","COMPLETED","MISDEMEANOR","MANHATTAN","INSIDE","RESIDENCE - PUBLIC HOUSING","N.Y. HOUSING POLICE","2","(null)","(null)","683","987539","221023","18-24","WHITE HISPANIC","M",,"40.773335","-73.988123","(40.773335, -73.988123)","PATROL BORO MAN NORTH","(null)","18-24","WHITE HISPANIC","F"
"10006645","2006-01-05T00:00:00.000","09:15:00",,"(null)","20","2006-01-05T00:00:00.000","351","CRIMINAL MISCHIEF & RELATED OF","259","CRIMINAL MISCHIEF,UNCLASSIFIED 4","COMPLETED","MISDEMEANOR","MANHATTAN","(null)","STREET","N.Y. POLICE DEPT","0","(null)","(null)","(null)","989607","221577","(null)","(null)","(null)",,"40.77485233","-73.98065852","(40.77485233, -73.98065852)","PATROL BORO MAN NORTH","(null)","25-44","WHITE","M"
"10006648","2005-12-25T00:00:00.000","14:00:00","2005-12-27T00:00:00.000","13:00:00","20","2006-01-05T00:00:00.000","126","(null)","748","CONTEMPT,CRIMINAL","COMPLETED","MISDEMEANOR","MANHATTAN","INSIDE","RESIDENCE-HOUSE","N.Y. POLICE DEPT","0","(null)","(null)","(null)","990515","222292","25-44","WHITE","F",,"40.776815","-73.977378","(40.776815, -73.977378)","PATROL BORO MAN NORTH","(null)","45-64","WHITE","M"
"10006649","2005-12-29T00:00:00.000","12:35:00",,"(null)","20","2006-01-05T00:00:00.000","578","HARRASSMENT 2","637","HARASSMENT,SUBD 1,CIVILIAN","COMPLETED","VIOLATION","MANHATTAN","INSIDE","BANK","N.Y. POLICE DEPT","0","(null)","(null)","(null)","989248","223156","(null)","BLACK HISPANIC","M",,"40.779189","-73.981952","(40.779189, -73.981952)","PATROL BORO MAN NORTH","(null)","25-44","WHITE","M"
"10006650","2005-12-27T00:00:00.000","10:46:00","2006-01-05T00:00:00.000","11:40:00","20","2006-01-05T00:00:00.000","109","GRAND LARCENY","403","LARCENY,GRAND BY BANK ACCT COMPROMISE-REPRODUCED CHECK","COMPLETED","FELONY","MANHATTAN","INSIDE","RESIDENCE-HOUSE","N.Y. POLICE DEPT","0","(null)","(null)","(null)","991424","225785","(null)","(null)","(null)",,"40.786404","-73.974093","(40.786404, -73.974093)","PATROL BORO MAN NORTH","(null)","(null)","UNKNOWN","F"
"10006651","2005-12-02T00:00:00.000","16:00:00","2006-01-04T00:00:00.000","13:44:00","20","2006-01-04T00:00:00.000","109","GRAND LARCENY","438","LARCENY,GRAND FROM BUILDING (NON-RESIDENCE) UNATTENDED","COMPLETED","FELONY","MANHATTAN","INSIDE","COMMERCIAL BUILDING","N.Y. POLICE DEPT","0","(null)","(null)","(null)","987287","220178","(null)","BLACK","U",,"40.771014","-73.989034","(40.771014, -73.989034)","PATROL BORO MAN NORTH","(null)","(null)","UNKNOWN","D"
"10006652","2006-01-05T00:00:00.000","13:40:00",,"(null)","20","2006-01-05T00:00:00.000","238","FRAUDULENT ACCOSTING","466","ACCOSTING,FRAUDULENT","COMPLETED","MISDEMEANOR","MANHATTAN","(null)","TUNNEL","N.Y. POLICE DEPT","0","(null)","(null)","(null)","989074","222470","(null)","(null)","(null)",,"40.77730369","-73.98258227","(40.77730369, -73.98258227)","PATROL BORO MAN NORTH","(null)","(null)","UNKNOWN","E"
"10006653","2005-12-13T00:00:00.000","11:00:00",,"(null)","20","2006-01-05T00:00:00.000","578","HARRASSMENT 2","637","HARASSMENT,SUBD 1,CIVILIAN","COMPLETED","VIOLATION","MANHATTAN","(null)","STREET","N.Y. POLICE DEPT","0","(null)","(null)","(null)","991690","225337","(null)","BLACK","F",,"40.78517103","-73.97313367","(40.78517103, -73.97313367)","PATROL BORO MAN NORTH","(null)","<18","BLACK HISPANIC","F"
"10006654","2006-01-05T00:00:00.000","11:00:00","2006-01-05T00:00:00.000","11:05:00","20","2006-01-05T00:00:00.000","106","FELONY ASSAULT","106","ASSAULT POLICE/PEACE OFFICER","COMPLETED","FELONY","MANHATTAN","INSIDE","PUBLIC SCHOOL","N.Y. POLICE DEPT","0","(null)","(null)","(null)","991296","225554","(null)","(null)","(null)",,"40.78577","-73.974555","(40.78577, -73.974555)","PATROL BORO MAN NORTH","(null)","45-64","WHITE","M"
"10006655","2006-01-04T00:00:00.000","20:00:00","2006-01-05T00:00:00.000","07:00:00","20","2006-01-05T00:00:00.000","351","CRIMINAL MISCHIEF & RELATED OF","254","MISCHIEF, CRIMINAL 4, OF MOTOR","COMPLETED","MISDEMEANOR","MANHATTAN","FRONT OF","STREET","N.Y. POLICE DEPT","0","(null)","(null)","(null)","991367","224754","(null)","(null)","(null)",,"40.783572","-73.974299","(40.783572, -73.974299)","PATROL BORO MAN NORTH","(null)","25-44","WHITE","M"
"10006656","2006-01-04T00:00:00.000","21:45:00","2006-01-05T00:00:00.000","00:01:00","20","2006-01-05T00:00:00.000","109","GRAND LARCENY","438","LARCENY,GRAND FROM BUILDING (NON-RESIDENCE) UNATTENDED","COMPLETED","FELONY","MANHATTAN","(null)","OTHER","N.Y. POLICE DEPT","0","(null)","(null)","(null)","989190","221808","(null)","(null)","(null)",,"40.77548661","-73.98216393","(40.77548661, -73.98216393)","PATROL BORO MAN NORTH","(null)","25-44","WHITE","F"
"10006657","2006-01-05T00:00:00.000","15:00:00","2006-01-05T00:00:00.000","15:45:00","20","2006-01-05T00:00:00.000","341","PETIT LARCENY","343","LARCENY,PETIT OF BICYCLE","COMPLETED","MISDEMEANOR","MANHATTAN","(null)","STREET","N.Y. POLICE DEPT","0","(null)","(null)","(null)","990903","225773","(null)","(null)","(null)",,"40.78636836","-73.97597514","(40.78636836, -73.97597514)","PATROL BORO MAN NORTH","(null)","25-44","ASIAN / PACIFIC ISLANDER","F"
"10006659","2005-12-30T00:00:00.000","17:00:00","2006-01-03T00:00:00.000","13:00:00","22","2006-01-05T00:00:00.000","109","GRAND LARCENY","438","LARCENY,GRAND FROM BUILDING (NON-RESIDENCE) UNATTENDED","COMPLETED","FELONY","MANHATTAN","(null)","SMALL MERCHANT","N.Y. POLICE DEPT","0","(null)","(null)","(null)","994010","224717","(null)","UNKNOWN","U",,"40.78347707","-73.96475737","(40.78347707, -73.96475737)","PATROL BORO MAN NORTH","(null)","(null)","UNKNOWN","D"
"10006661","2006-01-06T00:00:00.000","01:43:00",,"(null)","22","2006-01-06T00:00:00.000","235","DANGEROUS DRUGS","511","CONTROLLED SUBSTANCE, POSSESSI","COMPLETED","MISDEMEANOR","MANHATTAN","(null)","PARK/PLAYGROUND","N.Y. POLICE DEPT","0","(null)","(null)","(null)","996554","230432","(null)","(null)","(null)",,"40.79914999","-73.95556011","(40.79914999, -73.95556011)","PATROL BORO MAN NORTH","(null)","(null)","UNKNOWN","E"
"10006665","2006-01-03T00:00:00.000","19:50:00",,"(null)","23","2006-01-03T00:00:00.000","352","CRIMINAL TRESPASS","205","TRESPASS 2, CRIMINAL","COMPLETED","MISDEMEANOR","MANHATTAN","INSIDE","RESIDENCE - PUBLIC HOUSING","N.Y. HOUSING POLICE","2","(null)","(null)","665","998746","230395","(null)","(null)","(null)",,"40.799045","-73.947642","(40.799045, -73.947642)","PATROL BORO MAN NORTH","(null)","(null)","UNKNOWN","E"
"10006666","2006-01-04T00:00:00.000","04:40:00","2006-01-04T00:00:00.000","05:00:00","23","2006-01-04T00:00:00.000","126","MISCELLANEOUS PENAL LAW","198","CRIMINAL CONTEMPT 1","COMPLETED","FELONY","MANHATTAN","INSIDE","RESIDENCE - PUBLIC HOUSING","N.Y. HOUSING POLICE","2","(null)","(null)","4220","999746","225754","(null)","(null)","(null)",,"40.786307","-73.944038","(40.786307, -73.944038)","PATROL BORO MAN NORTH","(null)","45-64","WHITE HISPANIC","F"
"10006668","2006-01-04T00:00:00.000","02:30:00","2006-01-04T00:00:00.000","03:00:00","23","2006-01-04T00:00:00.000","341","PETIT LARCENY","301","LARCENY,PETIT BY ACQUIRING LOS","COMPLETED","MISDEMEANOR","MANHATTAN","INSIDE","RESIDENCE - PUBLIC HOUSING","N.Y. HOUSING POLICE","2","(null)","(null)","613","997559","226670","25-44","BLACK","M",,"40.788824","-73.951937","(40.788824, -73.951937)","PATROL BORO MAN NORTH","(null)","25-44","UNKNOWN","M"
"10006670","2006-01-02T00:00:00.000","22:30:00",,"(null)","23","2006-01-04T00:00:00.000","578","HARRASSMENT 2","637","HARASSMENT,SUBD 1,CIVILIAN","COMPLETED","VIOLATION","MANHATTAN","INSIDE","RESIDENCE - PUBLIC HOUSING","N.Y. HOUSING POLICE","2","(null)","(null)","632","1001684","228478","(null)","WHITE HISPANIC","F",,"40.793778","-73.937034","(40.793778, -73.937034)","PATROL BORO MAN NORTH","(null)","<18","WHITE HISPANIC","F"
"10006671","2006-01-04T00:00:00.000","15:15:00","2006-01-04T00:00:00.000","15:25:00","23","2006-01-04T00:00:00.000","110","GRAND LARCENY OF MOTOR VEHICLE","441","LARCENY,GRAND OF AUTO","COMPLETED","FELONY","MANHATTAN","FRONT OF","STREET","N.Y. POLICE DEPT","0","(null)","(null)","(null)","1001294","228547","(null)","(null)","(null)",,"40.793971","-73.938444","(40.793971, -73.938444)","PATROL BORO MAN NORTH","(null)","(null)","UNKNOWN","D"
"10006672","2006-01-04T00:00:00.000","19:41:00",,"(null)","23","2006-01-04T00:00:00.000","352","CRIMINAL TRESPASS","205","TRESPASS 2, CRIMINAL","COMPLETED","MISDEMEANOR","MANHATTAN","INSIDE","RESIDENCE - PUBLIC HOUSING","N.Y. HOUSING POLICE","2","(null)","(null)","665","999192","230148","(null)","(null)","(null)",,"40.798369","-73.94603","(40.798369, -73.94603)","PATROL BORO MAN NORTH","(null)","(null)","UNKNOWN","E"
"10006673","2005-12-26T00:00:00.000","15:25:00",,"(null)","23","2006-01-04T00:00:00.000","105","ROBBERY","388","ROBBERY,RESIDENTIAL COMMON AREA","COMPLETED","FELONY","MANHATTAN","FRONT OF","RESIDENCE - PUBLIC HOUSING","N.Y. HOUSING POLICE","2","(null)","(null)","672","999242","227082","(null)","(null)","(null)",,"40.789951","-73.945855","(40.789951, -73.945855)","PATROL BORO MAN NORTH","(null)","<18","WHITE HISPANIC","M"
"10006674","2006-01-04T00:00:00.000","16:40:00","2006-01-04T00:00:00.000","16:45:00","23","2006-01-04T00:00:00.000","106","FELONY ASSAULT","109","ASSAULT 2,1,UNCLASSIFIED","COMPLETED","FELONY","MANHATTAN","(null)","STREET","N.Y. POLICE DEPT","0","(null)","(null)","(null)","999770","229081","<18","BLACK","M",,"40.7954368","-73.94394761","(40.7954368, -73.94394761)","PATROL BORO MAN NORTH","(null)","<18","WHITE HISPANIC","M"
"10006675","2006-01-05T00:00:00.000","00:53:00",,"(null)","23","2006-01-05T00:00:00.000","352","CRIMINAL TRESPASS","205","TRESPASS 2, CRIMINAL","COMPLETED","MISDEMEANOR","MANHATTAN","INSIDE","RESIDENCE - PUBLIC HOUSING","N.Y. HOUSING POLICE","2","(null)","(null)","633","1001666","229217","(null)","(null)","(null)",,"40.795807","-73.937099","(40.795807, -73.937099)","PATROL BORO MAN NORTH","(null)","(null)","UNKNOWN","E"
"10006677","2006-01-04T00:00:00.000","23:00:00",,"(null)","23","2006-01-05T00:00:00.000","578","HARRASSMENT 2","638","HARASSMENT,SUBD 3,4,5","COMPLETED","VIOLATION","MANHATTAN","FRONT OF","STREET","N.Y. POLICE DEPT","0","(null)","(null)","(null)","1000907","227848","25-44","BLACK","F",,"40.792052","-73.939842","(40.792052, -73.939842)","PATROL BORO MAN NORTH","(null)","45-64","BLACK","M"
"10006678","2006-01-04T00:00:00.000","19:40:00",,"(null)","23","2006-01-04T00:00:00.000","344","ASSAULT 3 & RELATED OFFENSES","101","ASSAULT 3","COMPLETED","MISDEMEANOR","MANHATTAN","INSIDE","RESIDENCE - PUBLIC HOUSING","N.Y. HOUSING POLICE","2","(null)","(null)","(null)","999464","226504","(null)","UNKNOWN","(null)",,"40.788366","-73.945058","(40.788366, -73.945058)","PATROL BORO MAN NORTH","(null)","45-64","WHITE HISPANIC","F"
"10006679","2006-01-04T00:00:00.000","16:30:00","2006-01-04T00:00:00.000","18:15:00","23","2006-01-04T00:00:00.000","351","CRIMINAL MISCHIEF & RELATED OF","259","CRIMINAL MISCHIEF,UNCLASSIFIED 4","COMPLETED","MISDEMEANOR","MANHATTAN","REAR OF","RESIDENCE - PUBLIC HOUSING","N.Y. HOUSING POLICE","2","(null)","(null)","664","999229","229689","(null)","(null)","(null)",,"40.797107","-73.945898","(40.797107, -73.945898)","PATROL BORO MAN NORTH","(null)","25-44","BLACK","M"
"10006681","2006-01-04T00:00:00.000","22:15:00",,"(null)","23","2006-01-04T00:00:00.000","578","HARRASSMENT 2","637","HARASSMENT,SUBD 1,CIVILIAN","COMPLETED","VIOLATION","MANHATTAN","INSIDE","RESIDENCE - PUBLIC HOUSING","N.Y. HOUSING POLICE","2","(null)","(null)","634","1000531","229408","25-44","BLACK HISPANIC","M",,"40.796333","-73.941197","(40.796333, -73.941197)","PATROL BORO MAN NORTH","(null)","18-24","BLACK HISPANIC","F"
"10006683","2006-01-05T00:00:00.000","14:00:00","2006-01-05T00:00:00.000","14:19:00","23","2006-01-05T00:00:00.000","117","DANGEROUS DRUGS","500","CONTROLLED SUBSTANCE,POSSESS.","COMPLETED","FELONY","MANHATTAN","(null)","STREET","N.Y. POLICE DEPT","0","(null)","(null)","(null)","998095","228167","(null)","(null)","(null)",,"40.7929309","-73.94999897","(40.7929309, -73.94999897)","PATROL BORO MAN NORTH","(null)","(null)","UNKNOWN","E"
"10006684","2006-01-05T00:00:00.000","14:20:00",,"(null)","23","2006-01-05T00:00:00.000","109","GRAND LARCENY","417","LARCENY,GRAND FROM PERSON,PURS","COMPLETED","FELONY","MANHATTAN","INSIDE","RESIDENCE-HOUSE","N.Y. POLICE DEPT","0","(null)","(null)","(null)","997853","228783","(null)","BLACK","U",,"40.794622","-73.95087","(40.794622, -73.95087)","PATROL BORO MAN NORTH","(null)","45-64","WHITE HISPANIC","F"
"10006686","2005-12-31T00:00:00.000","23:47:00",,"(null)","23","2006-01-05T00:00:00.000","344","ASSAULT 3 & RELATED OFFENSES","101","ASSAULT 3","COMPLETED","MISDEMEANOR","MANHATTAN","INSIDE","RESIDENCE - APT. HOUSE","N.Y. POLICE DEPT","0","(null)","(null)","(null)","999164","225481","(null)","(null)","(null)",,"40.785557","-73.946142","(40.785557, -73.946142)","PATROL BORO MAN NORTH","(null)","<18","BLACK","F"
"10006687","2006-01-05T00:00:00.000","18:21:00",,"(null)","23","2006-01-05T00:00:00.000","678","MISCELLANEOUS PENAL LAW","754","APPEARANCE TICKET FAIL TO RESP","COMPLETED","VIOLATION","MANHATTAN","INSIDE","RESIDENCE - PUBLIC HOUSING","N.Y. HOUSING POLICE","2","(null)","(null)","619","1001038","226536","(null)","(null)","(null)",,"40.78845","-73.939372","(40.78845, -73.939372)","PATROL BORO MAN NORTH","(null)","(null)","UNKNOWN","E"
"10006688","2006-01-05T00:00:00.000","19:50:00",,"(null)","23","2006-01-05T00:00:00.000","352","CRIMINAL TRESPASS","205","TRESPASS 2, CRIMINAL","COMPLETED","MISDEMEANOR","MANHATTAN","INSIDE","RESIDENCE - PUBLIC HOUSING","N.Y. HOUSING POLICE","2","(null)","(null)","635","999638","229901","(null)","(null)","(null)",,"40.797689","-73.944419","(40.797689, -73.944419)","PATROL BORO MAN NORTH","(null)","(null)","UNKNOWN","E"
"10006689","2006-01-05T00:00:00.000","20:05:00",,"(null)","23","2006-01-05T00:00:00.000","235","DANGEROUS DRUGS","567","MARIJUANA, POSSESSION 4 & 5","COMPLETED","MISDEMEANOR","MANHATTAN","FRONT OF","RESIDENCE - PUBLIC HOUSING","N.Y. HOUSING POLICE","2","(null)","(null)","635","1000121","229191","(null)","(null)","(null)",,"40.795739","-73.94268","(40.795739, -73.94268)","PATROL BORO MAN NORTH","(null)","(null)","UNKNOWN","E"
"10006690","2006-01-05T00:00:00.000","20:02:00","2006-01-05T00:00:00.000","20:10:00","23","2006-01-05T00:00:00.000","236","DANGEROUS WEAPONS","782","WEAPONS, POSSESSION, ETC","COMPLETED","MISDEMEANOR","MANHATTAN","INSIDE","RESIDENCE - PUBLIC HOUSING","N.Y. HOUSING POLICE","2","(null)","(null)","619","1000644","225855","(null)","(null)","(null)",,"40.786582","-73.940798","(40.786582, -73.940798)","PATROL BORO MAN NORTH","(null)","(null)","UNKNOWN","E"
"10006691","2006-01-05T00:00:00.000","19:14:00",,"(null)","23","2006-01-05T00:00:00.000","352","CRIMINAL TRESPASS","205","TRESPASS 2, CRIMINAL","COMPLETED","MISDEMEANOR","MANHATTAN","INSIDE","RESIDENCE - APT. HOUSE","N.Y. POLICE DEPT","0","(null)","(null)","(null)","1000141","225685","(null)","(null)","(null)",,"40.786116","-73.942614","(40.786116, -73.942614)","PATROL BORO MAN NORTH","(null)","(null)","UNKNOWN","E"
"10006692","2006-01-05T00:00:00.000","21:26:00",,"(null)","23","2006-01-05T00:00:00.000","352","CRIMINAL TRESPASS","205","TRESPASS 2, CRIMINAL","COMPLETED","MISDEMEANOR","MANHATTAN","INSIDE","RESIDENCE - PUBLIC HOUSING","N.Y. HOUSING POLICE","2","(null)","(null)","635","1000086","229653","(null)","(null)","(null)",,"40.797008","-73.942802","(40.797008, -73.942802)","PATROL BORO MAN NORTH","(null)","(null)","UNKNOWN","E"
"10006693","2006-01-05T00:00:00.000","20:20:00","2006-01-05T00:00:00.000","20:25:00","23","2006-01-05T00:00:00.000","235","DANGEROUS DRUGS","567","MARIJUANA, POSSESSION 4 & 5","COMPLETED","MISDEMEANOR","MANHATTAN","FRONT OF","RESIDENCE - APT. HOUSE","N.Y. POLICE DEPT","0","(null)","(null)","(null)","1000141","225685","(null)","(null)","(null)",,"40.786116","-73.942614","(40.786116, -73.942614)","PATROL BORO MAN NORTH","(null)","(null)","UNKNOWN","E"
"10006694","2006-01-05T00:00:00.000","19:50:00","2006-01-05T00:00:00.000","19:55:00","23","2006-01-05T00:00:00.000","235","DANGEROUS DRUGS","511","CONTROLLED SUBSTANCE, POSSESSI","COMPLETED","MISDEMEANOR","MANHATTAN","FRONT OF","RESIDENCE - APT. HOUSE","N.Y. POLICE DEPT","0","(null)","(null)","(null)","1000141","225685","(null)","(null)","(null)",,"40.786116","-73.942614","(40.786116, -73.942614)","PATROL BORO MAN NORTH","(null)","(null)","UNKNOWN","E"
"10006695","2006-01-05T00:00:00.000","20:00:00","2006-01-05T00:00:00.000","20:01:00","23","2006-01-05T00:00:00.000","235","DANGEROUS DRUGS","567","MARIJUANA, POSSESSION 4 & 5","COMPLETED","MISDEMEANOR","MANHATTAN","INSIDE","RESIDENCE - PUBLIC HOUSING","N.Y. HOUSING POLICE","2","(null)","(null)","619","1000644","225855","(null)","(null)","(null)",,"40.786582","-73.940798","(40.786582, -73.940798)","PATROL BORO MAN NORTH","(null)","(null)","UNKNOWN","E"
"10006696","2006-01-05T00:00:00.000","21:40:00","2006-01-05T00:00:00.000","21:47:00","23","2006-01-05T00:00:00.000","352","CRIMINAL TRESPASS","205","TRESPASS 2, CRIMINAL","COMPLETED","MISDEMEANOR","MANHATTAN","INSIDE","RESIDENCE - PUBLIC HOUSING","N.Y. HOUSING POLICE","2","(null)","(null)","633","1001666","229217","(null)","(null)","(null)",,"40.795807","-73.937099","(40.795807, -73.937099)","PATROL BORO MAN NORTH","(null)","(null)","UNKNOWN","E"
"10006697","2006-01-05T00:00:00.000","21:15:00","2006-01-05T00:00:00.000","21:44:00","23","2006-01-05T00:00:00.000","235","DANGEROUS DRUGS","511","CONTROLLED SUBSTANCE, POSSESSI","COMPLETED","MISDEMEANOR","MANHATTAN","INSIDE","RESIDENCE - PUBLIC HOUSING","N.Y. HOUSING POLICE","2","(null)","(null)","4336","999464","226504","(null)","(null)","(null)",,"40.788366","-73.945058","(40.788366, -73.945058)","PATROL BORO MAN NORTH","(null)","(null)","UNKNOWN","E"
"10006698","2006-01-05T00:00:00.000","20:15:00",,"(null)","23","2006-01-05T00:00:00.000","235","DANGEROUS DRUGS","567","MARIJUANA, POSSESSION 4 & 5","COMPLETED","MISDEMEANOR","MANHATTAN","INSIDE","STREET","N.Y. POLICE DEPT","0","(null)","(null)","(null)","1000141","225685","(null)","(null)","(null)",,"40.786116","-73.942614","(40.786116, -73.942614)","PATROL BORO MAN NORTH","(null)","(null)","UNKNOWN","E"
"10006699","2005-12-22T00:00:00.000","16:00:00",,"(null)","23","2006-01-05T00:00:00.000","105","ROBBERY","397","ROBBERY,OPEN AREA UNCLASSIFIED","COMPLETED","FELONY","MANHATTAN","(null)","RESIDENCE - PUBLIC HOUSING","N.Y. HOUSING POLICE","2","(null)","(null)","619","998730","226826","(null)","(null)","(null)",,"40.78925998","-73.94770949","(40.78925998, -73.94770949)","PATROL BORO MAN NORTH","(null)","<18","WHITE HISPANIC","M"
"10006701","2006-01-05T00:00:00.000","22:50:00",,"(null)","23","2006-01-05T00:00:00.000","117","DANGEROUS DRUGS","502","CONTROLLED SUBSTANCE,POSSESS.","COMPLETED","FELONY","MANHATTAN","REAR OF","RESIDENCE - PUBLIC HOUSING","N.Y. HOUSING POLICE","2","(null)","(null)","673","998658","225467","(null)","(null)","(null)",,"40.785522","-73.947971","(40.785522, -73.947971)","PATROL BORO MAN NORTH","(null)","(null)","UNKNOWN","E"
"10006702","2006-01-04T00:00:00.000","02:30:00",,"(null)","23","2006-01-04T00:00:00.000","126","(null)","748","CONTEMPT,CRIMINAL","COMPLETED","MISDEMEANOR","MANHATTAN","INSIDE","RESIDENCE - PUBLIC HOUSING","N.Y. HOUSING POLICE","2","(null)","(null)","616","998478","227805","25-44","BLACK","M",,"40.791939","-73.948616","(40.791939, -73.948616)","PATROL BORO MAN NORTH","(null)","25-44","WHITE HISPANIC","F"
"10006703","2006-01-03T00:00:00.000","07:30:00",,"(null)","23","2006-01-03T00:00:00.000","578","HARRASSMENT 2","638","HARASSMENT,SUBD 3,4,5","COMPLETED","VIOLATION","MANHATTAN","INSIDE","RESIDENCE - PUBLIC HOUSING","N.Y. HOUSING POLICE","2","(null)","(null)","676","1001038","226536","<18","BLACK HISPANIC","F",,"40.78845","-73.939372","(40.78845, -73.939372)","PATROL BORO MAN NORTH","(null)","25-44","BLACK","F"
"10006704","2006-01-04T00:00:00.000","23:10:00","2006-01-04T00:00:00.000","23:18:00","23","2006-01-04T00:00:00.000","351","CRIMINAL MISCHIEF & RELATED OF","259","CRIMINAL MISCHIEF,UNCLASSIFIED 4","COMPLETED","MISDEMEANOR","MANHATTAN","INSIDE","RESIDENCE - PUBLIC HOUSING","N.Y. HOUSING POLICE","2","(null)","(null)","616","998478","227805","45-64","BLACK","M",,"40.791939","-73.948616","(40.791939, -73.948616)","PATROL BORO MAN NORTH","(null)","45-64","BLACK","F"
"10006706","2006-01-04T00:00:00.000","13:00:00",,"(null)","24","2006-01-04T00:00:00.000","341","PETIT LARCENY","338","LARCENY,PETIT FROM BUILDING,UN","COMPLETED","MISDEMEANOR","MANHATTAN","(null)","CHAIN STORE","N.Y. POLICE DEPT","0","(null)","(null)","(null)","991956","225816","(null)","(null)","(null)",,"40.78648552","-73.97217258","(40.78648552, -73.97217258)","PATROL BORO MAN NORTH","(null)","<18","WHITE","F"
"10006708","2006-01-05T00:00:00.000","04:15:00","2006-01-05T00:00:00.000","04:20:00","24","2006-01-05T00:00:00.000","106","FELONY ASSAULT","109","ASSAULT 2,1,UNCLASSIFIED","COMPLETED","FELONY","MANHATTAN","(null)","STREET","N.Y. POLICE DEPT","0","(null)","(null)","(null)","991169","226253","(null)","WHITE HISPANIC","U",,"40.78768562","-73.97501409","(40.78768562, -73.97501409)","PATROL BORO MAN NORTH","(null)","(null)","WHITE HISPANIC","M"
"10006710","2006-01-04T00:00:00.000","19:00:00","2006-01-04T00:00:00.000","23:07:00","24","2006-01-05T00:00:00.000","341","PETIT LARCENY","338","LARCENY,PETIT FROM BUILDING,UN","COMPLETED","MISDEMEANOR","MANHATTAN","INSIDE","HOTEL/MOTEL","N.Y. POLICE DEPT","0","(null)","(null)","(null)","995116","230138","(null)","(null)","(null)",,"40.798346","-73.960754","(40.798346, -73.960754)","PATROL BORO MAN NORTH","(null)","18-24","WHITE","M"
"10006711","2006-01-05T00:00:00.000","04:25:00","2006-01-05T00:00:00.000","04:30:00","24","2006-01-05T00:00:00.000","578","HARRASSMENT 2","637","HARASSMENT,SUBD 1,CIVILIAN","COMPLETED","VIOLATION","MANHATTAN","INSIDE","RESIDENCE - APT. HOUSE","N.Y. POLICE DEPT","0","(null)","(null)","(null)","991867","229371","45-64","WHITE","M",,"40.796245","-73.972487","(40.796245, -73.972487)","PATROL BORO MAN NORTH","(null)","25-44","WHITE","M"
"10006712","2006-01-03T00:00:00.000","21:00:00","2006-01-05T00:00:00.000","11:30:00","24","2006-01-05T00:00:00.000","341","PETIT LARCENY","357","LARCENY,PETIT OF VEHICLE ACCES","COMPLETED","MISDEMEANOR","MANHATTAN","INSIDE","STREET","N.Y. POLICE DEPT","0","(null)","(null)","(null)","991598","229970","(null)","(null)","(null)",,"40.79788744","-73.97346082","(40.79788744, -73.97346082)","PATROL BORO MAN NORTH","(null)","25-44","WHITE","M"
"10006713","2005-12-29T00:00:00.000","18:15:00",,"(null)","24","2006-01-05T00:00:00.000","109","GRAND LARCENY","415","LARCENY,GRAND FROM PERSON,PICK","COMPLETED","FELONY","MANHATTAN","FRONT OF","STREET","N.Y. POLICE DEPT","0","(null)","(null)","(null)","993469","232259","(null)","(null)","(null)",,"40.80416836","-73.96670008","(40.80416836, -73.96670008)","PATROL BORO MAN NORTH","(null)","25-44","UNKNOWN","F"
"10006715","2006-01-05T00:00:00.000","13:44:00","2006-01-05T00:00:00.000","13:50:00","24","2006-01-05T00:00:00.000","235","DANGEROUS DRUGS","511","CONTROLLED SUBSTANCE, POSSESSI","COMPLETED","MISDEMEANOR","MANHATTAN","FRONT OF","STREET","N.Y. POLICE DEPT","0","(null)","(null)","(null)","994527","231386","(null)","(null)","(null)",,"40.801772","-73.962879","(40.801772, -73.962879)","PATROL BORO MAN NORTH","(null)","(null)","UNKNOWN","E"
"10006717","2006-01-05T00:00:00.000","10:30:00","2006-01-05T00:00:00.000","10:30:00","24","2006-01-05T00:00:00.000","341","PETIT LARCENY","321","LARCENY,PETIT FROM AUTO","COMPLETED","MISDEMEANOR","MANHATTAN","INSIDE","PARKING LOT/GARAGE (PRIVATE)","N.Y. POLICE DEPT","0","(null)","(null)","(null)","991622","227070","(null)","UNKNOWN","U",,"40.789929","-73.973377","(40.789929, -73.973377)","PATROL BORO MAN NORTH","(null)","45-64","WHITE","M"
"10006719","2006-01-05T00:00:00.000","16:15:00","2006-01-05T00:00:00.000","16:15:00","24","2006-01-05T00:00:00.000","344","ASSAULT 3 & RELATED OFFENSES","101","ASSAULT 3","COMPLETED","MISDEMEANOR","MANHATTAN","(null)","STREET","N.Y. POLICE DEPT","0","(null)","(null)","(null)","994531","230462","<18","BLACK","M",,"40.79923492","-73.96286679","(40.79923492, -73.96286679)","PATROL BORO MAN NORTH","(null)","<18","WHITE","M"
"10006720","2006-01-05T00:00:00.000","14:25:00","2006-01-05T00:00:00.000","14:32:00","24","2006-01-05T00:00:00.000","352","CRIMINAL TRESPASS","205","TRESPASS 2, CRIMINAL","COMPLETED","MISDEMEANOR","MANHATTAN","INSIDE","RESIDENCE - APT. HOUSE","N.Y. POLICE DEPT","0","(null)","(null)","(null)","993740","231823","(null)","(null)","(null)",,"40.802972","-73.96572","(40.802972, -73.96572)","PATROL BORO MAN NORTH","(null)","(null)","UNKNOWN","D"
"10006721","2006-01-05T00:00:00.000","16:40:00","2006-01-05T00:00:00.000","16:45:00","24","2006-01-05T00:00:00.000","113","FORGERY","727","FORGERY,PRESCRIPTION","COMPLETED","FELONY","MANHATTAN","(null)","STREET","N.Y. POLICE DEPT","0","(null)","(null)","(null)","991800","228317","(null)","(null)","(null)",,"40.79335023","-73.9727331","(40.79335023, -73.9727331)","PATROL BORO MAN NORTH","(null)","(null)","UNKNOWN","E"
"10006723","2005-12-26T00:00:00.000","00:01:00","2005-12-29T00:00:00.000","10:59:00","24","2006-01-05T00:00:00.000","112","THEFT-FRAUD","739","FRAUD,UNCLASSIFIED-FELONY","COMPLETED","FELONY","MANHATTAN","INSIDE","RESIDENCE - APT. HOUSE","N.Y. POLICE DEPT","0","(null)","(null)","(null)","993086","230792","(null)","UNKNOWN","U",,"40.800144","-73.968085","(40.800144, -73.968085)","PATROL BORO MAN NORTH","(null)","(null)","WHITE","F"
"10006724","2005-11-30T00:00:00.000","00:01:00","2005-11-30T00:00:00.000","00:01:00","24","2006-01-05T00:00:00.000","109","GRAND LARCENY","405","LARCENY,GRAND BY THEFT OF CREDIT CARD","COMPLETED","FELONY","MANHATTAN","INSIDE","RESIDENCE - APT. HOUSE","N.Y. POLICE DEPT","0","(null)","(null)","(null)","995379","230615","(null)","UNKNOWN","U",,"40.799655","-73.959802","(40.799655, -73.959802)","PATROL BORO MAN NORTH","(null)","18-24","WHITE","F"
"10006726","2006-01-01T00:00:00.000","22:00:00",,"(null)","25","2006-01-02T00:00:00.000","578","HARRASSMENT 2","637","HARASSMENT,SUBD 1,CIVILIAN","COMPLETED","VIOLATION","MANHATTAN","FRONT OF","RESIDENCE - PUBLIC HOUSING","N.Y. POLICE DEPT","0","(null)","(null)","(null)","1001122","231520","25-44","WHITE HISPANIC","M",,"40.80213","-73.939058","(40.80213, -73.939058)","PATROL BORO MAN NORTH","(null)","25-44","WHITE HISPANIC","F"
"10006727","2006-01-04T00:00:00.000","00:30:00",,"(null)","25","2006-01-04T00:00:00.000","352","CRIMINAL TRESPASS","205","TRESPASS 2, CRIMINAL","COMPLETED","MISDEMEANOR","MANHATTAN","INSIDE","RESIDENCE - PUBLIC HOUSING","N.Y. HOUSING POLICE","2","(null)","(null)","670","1002332","231147","(null)","(null)","(null)",,"40.801105","-73.934685","(40.801105, -73.934685)","PATROL BORO MAN NORTH","(null)","(null)","UNKNOWN","E"
"10006728","2006-01-04T00:00:00.000","16:15:00","2006-01-04T00:00:00.000","16:30:00","25","2006-01-04T00:00:00.000","106","FELONY ASSAULT","109","ASSAULT 2,1,UNCLASSIFIED","COMPLETED","FELONY","MANHATTAN","INSIDE","RESIDENCE - PUBLIC HOUSING","N.Y. HOUSING POLICE","2","(null)","(null)","670","1002844","230571","(null)","(null)","(null)",,"40.799522","-73.932838","(40.799522, -73.932838)","PATROL BORO MAN NORTH","(null)","<18","BLACK","F"
"10006731","2006-01-04T00:00:00.000","20:33:00","2006-01-04T00:00:00.000","20:38:00","25","2006-01-04T00:00:00.000","352","CRIMINAL TRESPASS","205","TRESPASS 2, CRIMINAL","COMPLETED","MISDEMEANOR","MANHATTAN","INSIDE","RESIDENCE - PUBLIC HOUSING","N.Y. HOUSING POLICE","2","(null)","(null)","646","1002174","234576","(null)","(null)","(null)",,"40.810515","-73.93525","(40.810515, -73.93525)","PATROL BORO MAN NORTH","(null)","(null)","UNKNOWN","E"
"10006732","2006-01-04T00:00:00.000","21:00:00",,"(null)","25","2006-01-04T00:00:00.000","236","DANGEROUS WEAPONS","782","WEAPONS, POSSESSION, ETC","COMPLETED","MISDEMEANOR","MANHATTAN","INSIDE","RESIDENCE - PUBLIC HOUSING","N.Y. HOUSING POLICE","2","(null)","(null)","670","1002844","230571","(null)","UNKNOWN","U",,"40.799522","-73.932838","(40.799522, -73.932838)","PATROL BORO MAN NORTH","(null)","(null)","BLACK","F"
"10006734","2006-01-01T00:00:00.000","08:55:00",,"(null)","25","2006-01-04T00:00:00.000","347","INTOXICATED & IMPAIRED DRIVING","905","INTOXICATED DRIVING,ALCOHOL","COMPLETED","MISDEMEANOR","MANHATTAN","FRONT OF","STREET","N.Y. POLICE DEPT","0","(null)","(null)","(null)","1001980","236230","(null)","(null)","(null)",,"40.815057","-73.935946","(40.815057, -73.935946)","PATROL BORO MAN NORTH","(null)","(null)","BLACK","M"
"10006735","2006-01-04T00:00:00.000","23:15:00",,"(null)","25","2006-01-04T00:00:00.000","578","HARRASSMENT 2","637","HARASSMENT,SUBD 1,CIVILIAN","COMPLETED","VIOLATION","MANHATTAN","INSIDE","RESIDENCE - APT. HOUSE","N.Y. POLICE DEPT","0","(null)","(null)","(null)","1002275","233608","18-24","BLACK HISPANIC","M",,"40.807857","-73.934885","(40.807857, -73.934885)","PATROL BORO MAN NORTH","(null)","18-24","WHITE HISPANIC","F"
"10006736","2006-01-04T00:00:00.000","23:53:00",,"(null)","25","2006-01-05T00:00:00.000","361","OFF. AGNST PUB ORD SENSBLTY &","639","AGGRAVATED HARASSMENT 2","COMPLETED","MISDEMEANOR","MANHATTAN","REAR OF","STREET","N.Y. POLICE DEPT","0","(null)","(null)","(null)","1001756","231618","(null)","(null)","(null)",,"40.80239646","-73.93676832","(40.80239646, -73.93676832)","PATROL BORO MAN NORTH","(null)","(null)","UNKNOWN","E"
"10006738","2006-01-05T00:00:00.000","01:45:00",,"(null)","25","2006-01-05T00:00:00.000","344","ASSAULT 3 & RELATED OFFENSES","113","MENACING,UNCLASSIFIED","COMPLETED","MISDEMEANOR","MANHATTAN","INSIDE","RESIDENCE - PUBLIC HOUSING","N.Y. HOUSING POLICE","2","(null)","(null)","670","1002332","231147","18-24","BLACK","M",,"40.801105","-73.934685","(40.801105, -73.934685)","PATROL BORO MAN NORTH","(null)","18-24","BLACK","F"
"10006739","2006-01-04T00:00:00.000","06:40:00",,"(null)","25","2006-01-04T00:00:00.000","348","VEHICLE AND TRAFFIC LAWS","916","LEAVING SCENE-ACCIDENT-PERSONA","COMPLETED","MISDEMEANOR","MANHATTAN","(null)","STREET","N.Y. POLICE DEPT","0","(null)","(null)","(null)","1000554","230994","(null)","(null)","(null)",,"40.80069461","-73.94110936","(40.80069461, -73.94110936)","PATROL BORO MAN NORTH","(null)","(null)","UNKNOWN","M"
"10006740","2006-01-05T00:00:00.000","11:00:00","2006-01-05T00:00:00.000","11:51:00","25","2006-01-05T00:00:00.000","236","DANGEROUS WEAPONS","782","WEAPONS, POSSESSION, ETC","COMPLETED","MISDEMEANOR","MANHATTAN","INSIDE","PUBLIC SCHOOL","N.Y. POLICE DEPT","0","(null)","(null)","(null)","1002690","228820","(null)","(null)","(null)",,"40.794715","-73.933402","(40.794715, -73.933402)","PATROL BORO MAN NORTH","(null)","(null)","UNKNOWN","D"
"10006741","2006-01-05T00:00:00.000","13:00:00","2006-01-05T00:00:00.000","13:15:00","25","2006-01-05T00:00:00.000","105","ROBBERY","397","ROBBERY,OPEN AREA UNCLASSIFIED","ATTEMPTED","FELONY","MANHATTAN","INSIDE","RESIDENCE - APT. HOUSE","N.Y. POLICE DEPT","0","(null)","(null)","(null)","999399","231575","(null)","(null)","(null)",,"40.802284","-73.94528","(40.802284, -73.94528)","PATROL BORO MAN NORTH","(null)","25-44","AMERICAN INDIAN/ALASKAN NATIVE","M"
"10006743","2006-01-05T00:00:00.000","14:55:00",,"(null)","25","2006-01-05T00:00:00.000","235","DANGEROUS DRUGS","511","CONTROLLED SUBSTANCE, POSSESSI","COMPLETED","MISDEMEANOR","MANHATTAN","FRONT OF","STREET","N.Y. POLICE DEPT","0","(null)","(null)","(null)","1001065","234581","(null)","(null)","(null)",,"40.810533","-73.939256","(40.810533, -73.939256)","PATROL BORO MAN NORTH","(null)","(null)","UNKNOWN","E"
"10006747","2006-01-05T00:00:00.000","20:40:00",,"(null)","25","2006-01-05T00:00:00.000","352","CRIMINAL TRESPASS","205","TRESPASS 2, CRIMINAL","COMPLETED","MISDEMEANOR","MANHATTAN","INSIDE","RESIDENCE - PUBLIC HOUSING","N.Y. HOUSING POLICE","2","(null)","(null)","669","1000962","231758","(null)","(null)","(null)",,"40.802783","-73.939633","(40.802783, -73.939633)","PATROL BORO MAN NORTH","(null)","(null)","UNKNOWN","E"
"10006748","2006-01-05T00:00:00.000","20:15:00","2006-01-05T00:00:00.000","20:15:00","25","2006-01-05T00:00:00.000","352","CRIMINAL TRESPASS","205","TRESPASS 2, CRIMINAL","COMPLETED","MISDEMEANOR","MANHATTAN","INSIDE","RESIDENCE - PUBLIC HOUSING","N.Y. HOUSING POLICE","2","(null)","(null)","646","1001768","234797","(null)","(null)","(null)",,"40.811123","-73.936714","(40.811123, -73.936714)","PATROL BORO MAN NORTH","(null)","(null)","UNKNOWN","E"
"10006749","2006-01-05T00:00:00.000","17:15:00",,"(null)","25","2006-01-05T00:00:00.000","578","HARRASSMENT 2","637","HARASSMENT,SUBD 1,CIVILIAN","COMPLETED","VIOLATION","MANHATTAN","(null)","STREET","N.Y. POLICE DEPT","0","(null)","(null)","(null)","1001575","232339","18-24","BLACK","M",,"40.80437576","-73.93742023","(40.80437576, -73.93742023)","PATROL BORO MAN NORTH","(null)","18-24","BLACK","F"
"10006750","2005-12-15T00:00:00.000","15:00:00","2005-12-15T00:00:00.000","16:00:00","25","2006-01-05T00:00:00.000","341","PETIT LARCENY","338","LARCENY,PETIT FROM BUILDING,UN","COMPLETED","MISDEMEANOR","MANHATTAN","INSIDE","RESIDENCE - PUBLIC HOUSING","N.Y. HOUSING POLICE","2","(null)","(null)","671","1002441","231360","(null)","(null)","(null)",,"40.801687","-73.934295","(40.801687, -73.934295)","PATROL BORO MAN NORTH","(null)","45-64","WHITE HISPANIC","F"
"10006751","2006-01-03T00:00:00.000","15:30:00","2006-01-03T00:00:00.000","16:00:00","25","2006-01-05T00:00:00.000","341","PETIT LARCENY","338","LARCENY,PETIT FROM BUILDING,UN","COMPLETED","MISDEMEANOR","MANHATTAN","INSIDE","RESIDENCE - APT. HOUSE","N.Y. POLICE DEPT","0","(null)","(null)","(null)","1000971","233884","(null)","(null)","(null)",,"40.808619","-73.939598","(40.808619, -73.939598)","PATROL BORO MAN NORTH","(null)","25-44","BLACK HISPANIC","F"
"10006752","2006-01-05T00:00:00.000","22:07:00",,"(null)","25","2006-01-05T00:00:00.000","117","DANGEROUS DRUGS","503","CONTROLLED SUBSTANCE,INTENT TO","COMPLETED","FELONY","MANHATTAN","(null)","STREET","N.Y. POLICE DEPT","0","(null)","(null)","(null)","1000554","230994","(null)","(null)","(null)",,"40.80069461","-73.94110936","(40.80069461, -73.94110936)","PATROL BORO MAN NORTH","(null)","(null)","UNKNOWN","E"
"10006756","2006-01-02T00:00:00.000","22:30:00",,"(null)","26","2006-01-03T00:00:00.000","116","SEX CRIMES","168","SODOMY 1","COMPLETED","FELONY","MANHATTAN","FRONT OF","STREET","N.Y. POLICE DEPT","0","(null)","(null)","(null)","996351","236132","(null)","BLACK","M",,"40.8148034786258","-73.95628448405","(40.8148034786258, -73.95628448405)","PATROL BORO MAN NORTH","(null)","25-44","BLACK HISPANIC","F"
"10006757","2006-01-02T00:00:00.000","13:45:00","2006-01-02T00:00:00.000","13:46:00","26","2006-01-02T00:00:00.000","351","CRIMINAL MISCHIEF & RELATED OF","259","CRIMINAL MISCHIEF,UNCLASSIFIED 4","COMPLETED","MISDEMEANOR","MANHATTAN","INSIDE","RESIDENCE - APT. HOUSE","N.Y. POLICE DEPT","0","(null)","(null)","(null)","997481","235818","25-44","ASIAN / PACIFIC ISLANDER","M",,"40.813933","-73.952199","(40.813933, -73.952199)","PATROL BORO MAN NORTH","(null)","25-44","BLACK","M"
"10006759","2006-01-04T00:00:00.000","09:30:00","2006-01-04T00:00:00.000","09:35:00","26","2006-01-04T00:00:00.000","341","PETIT LARCENY","338","LARCENY,PETIT FROM BUILDING,UN","COMPLETED","MISDEMEANOR","MANHATTAN","FRONT OF","RESTAURANT/DINER","N.Y. POLICE DEPT","0","(null)","(null)","(null)","996434","235757","(null)","UNKNOWN","U",,"40.813767","-73.955983","(40.813767, -73.955983)","PATROL BORO MAN NORTH","(null)","25-44","BLACK","M"
"10006760","2006-01-03T00:00:00.000","15:40:00","2006-01-03T00:00:00.000","15:40:00","26","2006-01-03T00:00:00.000","110","GRAND LARCENY OF MOTOR VEHICLE","455","LARCENY,GRAND OF TRUCK","COMPLETED","FELONY","MANHATTAN","INSIDE","STREET","N.Y. POLICE DEPT","0","(null)","(null)","(null)","993790","232841","(null)","BLACK","M",,"40.805767","-73.965536","(40.805767, -73.965536)","PATROL BORO MAN NORTH","(null)","(null)","UNKNOWN","D"
"10006761","2006-01-01T00:00:00.000","02:30:00","2006-01-01T00:00:00.000","02:35:00","26","2006-01-01T00:00:00.000","233","SEX CRIMES","175","SEXUAL ABUSE 3,2","COMPLETED","MISDEMEANOR","MANHATTAN","INSIDE","RESIDENCE - APT. HOUSE","N.Y. POLICE DEPT","0","(null)","(null)","(null)","996351","236132","(null)","WHITE","M",,"40.8148034786258","-73.95628448405","(40.8148034786258, -73.95628448405)","PATROL BORO MAN NORTH","(null)","25-44","WHITE","F"
"10006762","2005-12-27T00:00:00.000","10:30:00","2006-01-04T00:00:00.000","19:00:00","26","2006-01-04T00:00:00.000","109","GRAND LARCENY","405","LARCENY,GRAND BY THEFT OF CREDIT CARD","COMPLETED","FELONY","MANHATTAN","INSIDE","RESIDENCE - APT. HOUSE","N.Y. POLICE DEPT","0","(null)","(null)","(null)","995881","234277","(null)","(null)","(null)",,"40.809707","-73.957984","(40.809707, -73.957984)","PATROL BORO MAN NORTH","(null)","45-64","WHITE","F"
"10006763","2006-01-03T00:00:00.000","18:50:00","2006-01-03T00:00:00.000","19:10:00","26","2006-01-03T00:00:00.000","344","ASSAULT 3 & RELATED OFFENSES","101","ASSAULT 3","COMPLETED","MISDEMEANOR","MANHATTAN","INSIDE","RESIDENCE - PUBLIC HOUSING","N.Y. HOUSING POLICE","2","(null)","(null)","720","996064","235090","18-24","BLACK","M",,"40.811938","-73.957318","(40.811938, -73.957318)","PATROL BORO MAN NORTH","(null)","18-24","BLACK","F"
"10006766","2006-01-05T00:00:00.000","13:40:00","2006-01-05T00:00:00.000","14:27:00","26","2006-01-05T00:00:00.000","118","DANGEROUS WEAPONS","793","WEAPONS POSSESSION 3","COMPLETED","FELONY","MANHATTAN","INSIDE","RESIDENCE - PUBLIC HOUSING","N.Y. HOUSING POLICE","2","(null)","(null)","730","997083","236928","(null)","(null)","(null)",,"40.81698","-73.953637","(40.81698, -73.953637)","PATROL BORO MAN NORTH","(null)","25-44","BLACK","F"
"10006767","2005-12-12T00:00:00.000","07:30:00","2005-12-12T00:00:00.000","07:40:00","26","2006-01-05T00:00:00.000","109","GRAND LARCENY","438","LARCENY,GRAND FROM BUILDING (NON-RESIDENCE) UNATTENDED","COMPLETED","FELONY","MANHATTAN","INSIDE","PRIVATE/PAROCHIAL SCHOOL","N.Y. POLICE DEPT","0","(null)","(null)","(null)","994107","233736","(null)","UNKNOWN","M",,"40.808224","-73.964391","(40.808224, -73.964391)","PATROL BORO MAN NORTH","(null)","(null)","UNKNOWN","D"
"10006769","2006-01-05T00:00:00.000","17:30:00",,"(null)","26","2006-01-05T00:00:00.000","359","OFFENSES AGAINST PUBLIC ADMINI","748","CONTEMPT,CRIMINAL","COMPLETED","MISDEMEANOR","MANHATTAN","FRONT OF","STREET","N.Y. POLICE DEPT","0","(null)","(null)","(null)","995902","237582","45-64","BLACK","M",,"40.818776","-73.957903","(40.818776, -73.957903)","PATROL BORO MAN NORTH","(null)","45-64","BLACK","F"
"10006770","2006-01-04T00:00:00.000","18:30:00","2006-01-05T00:00:00.000","12:00:00","26","2006-01-05T00:00:00.000","341","PETIT LARCENY","339","LARCENY,PETIT FROM OPEN AREAS,","COMPLETED","MISDEMEANOR","MANHATTAN","FRONT OF","STREET","N.Y. POLICE DEPT","0","(null)","(null)","(null)","993905","234310","(null)","UNKNOWN","U",,"40.809798","-73.965119","(40.809798, -73.965119)","PATROL BORO MAN NORTH","(null)","25-44","WHITE","M"
"10006771","2006-01-05T00:00:00.000","16:30:00","2006-01-05T00:00:00.000","16:40:00","26","2006-01-05T00:00:00.000","109","GRAND LARCENY","419","LARCENY,GRAND FROM PERSON,UNCL","COMPLETED","FELONY","MANHATTAN","(null)","STREET","N.Y. POLICE DEPT","0","(null)","(null)","(null)","993603","232499","(null)","BLACK","F",,"40.80482696","-73.96621573","(40.80482696, -73.96621573)","PATROL BORO MAN NORTH","(null)","18-24","BLACK HISPANIC","F"
"10006777","2006-01-05T00:00:00.000","13:00:00","2006-01-05T00:00:00.000","13:00:00","26","2006-01-06T00:00:00.000","109","GRAND LARCENY","401","LARCENY,GRAND BY ACQUIRING LOS","COMPLETED","FELONY","MANHATTAN","FRONT OF","STREET","N.Y. POLICE DEPT","0","(null)","(null)","(null)","995776","237355","(null)","(null)","(null)",,"40.818153","-73.958355","(40.818153, -73.958355)","PATROL BORO MAN NORTH","(null)","45-64","WHITE","M"
"10006779","2005-12-12T00:00:00.000","11:00:00","2005-12-12T00:00:00.000","11:10:00","28","2006-01-03T00:00:00.000","361","OFF. AGNST PUB ORD SENSBLTY &","639","AGGRAVATED HARASSMENT 2","COMPLETED","MISDEMEANOR","MANHATTAN","INSIDE","PUBLIC BUILDING","N.Y. POLICE DEPT","0","(null)","(null)","(null)","998486","233888","(null)","BLACK HISPANIC","M",,"40.808634","-73.948573","(40.808634, -73.948573)","PATROL BORO MAN NORTH","(null)","25-44","BLACK HISPANIC","M"
"10006780","2006-01-04T00:00:00.000","07:11:00",,"(null)","28","2006-01-04T00:00:00.000","352","CRIMINAL TRESPASS","205","TRESPASS 2, CRIMINAL","COMPLETED","MISDEMEANOR","MANHATTAN","INSIDE","RESIDENCE - PUBLIC HOUSING","N.Y. HOUSING POLICE","2","(null)","(null)","12012","998486","230978","(null)","(null)","(null)",,"40.800647","-73.94858","(40.800647, -73.94858)","PATROL BORO MAN NORTH","(null)","(null)","UNKNOWN","E"
"10006781","2006-01-04T00:00:00.000","16:53:00","2006-01-04T00:00:00.000","16:54:00","28","2006-01-04T00:00:00.000","352","CRIMINAL TRESPASS","205","TRESPASS 2, CRIMINAL","COMPLETED","MISDEMEANOR","MANHATTAN","INSIDE","RESIDENCE - PUBLIC HOUSING","N.Y. HOUSING POLICE","2","(null)","(null)","637","998486","230978","(null)","(null)","(null)",,"40.800647","-73.94858","(40.800647, -73.94858)","PATROL BORO MAN NORTH","(null)","(null)","UNKNOWN","E"
"10006782","2006-01-04T00:00:00.000","23:34:00","2006-01-04T00:00:00.000","23:44:00","28","2006-01-05T00:00:00.000","352","CRIMINAL TRESPASS","205","TRESPASS 2, CRIMINAL","COMPLETED","MISDEMEANOR","MANHATTAN","INSIDE","RESIDENCE - PUBLIC HOUSING","N.Y. HOUSING POLICE","2","(null)","(null)","637","998486","230978","(null)","(null)","(null)",,"40.800647","-73.94858","(40.800647, -73.94858)","PATROL BORO MAN NORTH","(null)","(null)","UNKNOWN","E"
"10006784","2006-01-05T00:00:00.000","19:45:00",,"(null)","28","2006-01-05T00:00:00.000","351","CRIMINAL MISCHIEF & RELATED OF","271","TAMPERING 3,2, CRIMINAL","COMPLETED","MISDEMEANOR","MANHATTAN","REAR OF","RESIDENCE - PUBLIC HOUSING","N.Y. HOUSING POLICE","2","(null)","(null)","637","997853","230889","(null)","(null)","(null)",,"40.800405","-73.950864","(40.800405, -73.950864)","PATROL BORO MAN NORTH","(null)","(null)","UNKNOWN","E"
"10006786","2006-01-05T00:00:00.000","15:15:00",,"(null)","28","2006-01-05T00:00:00.000","109","GRAND LARCENY","438","LARCENY,GRAND FROM BUILDING (NON-RESIDENCE) UNATTENDED","COMPLETED","FELONY","MANHATTAN","INSIDE","RESIDENCE - PUBLIC HOUSING","N.Y. HOUSING POLICE","2","(null)","(null)","638","998746","230395","(null)","BLACK","M",,"40.799045","-73.947642","(40.799045, -73.947642)","PATROL BORO MAN NORTH","(null)","45-64","BLACK","F"
"10006788","2006-01-03T00:00:00.000","22:00:00","2006-01-03T00:00:00.000","22:46:00","32","2006-01-03T00:00:00.000","344","ASSAULT 3 & RELATED OFFENSES","101","ASSAULT 3","COMPLETED","MISDEMEANOR","MANHATTAN","INSIDE","RESIDENCE - PUBLIC HOUSING","N.Y. HOUSING POLICE","2","(null)","(null)","748","998674","235156","(null)","(null)","(null)",,"40.812114","-73.947891","(40.812114, -73.947891)","PATROL BORO MAN NORTH","(null)","<18","BLACK","M"
"10006789","2006-01-01T00:00:00.000","09:00:00",,"(null)","32","2006-01-04T00:00:00.000","344","ASSAULT 3 & RELATED OFFENSES","101","ASSAULT 3","COMPLETED","MISDEMEANOR","MANHATTAN","(null)","RESIDENCE - PUBLIC HOUSING","N.Y. POLICE DEPT","0","(null)","(null)","(null)","999856","234503","(null)","BLACK","M",,"40.81031855","-73.94362441","(40.81031855, -73.94362441)","PATROL BORO MAN NORTH","(null)","<18","BLACK","F"
"10006791","2006-01-04T00:00:00.000","18:35:00",,"(null)","32","2006-01-04T00:00:00.000","105","ROBBERY","388","ROBBERY,RESIDENTIAL COMMON AREA","COMPLETED","FELONY","MANHATTAN","INSIDE","RESIDENCE - APT. HOUSE","N.Y. POLICE DEPT","0","(null)","(null)","(null)","1000489","236574","(null)","BLACK","M",,"40.816002","-73.941332","(40.816002, -73.941332)","PATROL BORO MAN NORTH","(null)","25-44","WHITE HISPANIC","M"
"10006792","2005-12-29T00:00:00.000","13:30:00","2005-12-29T00:00:00.000","15:30:00","32","2006-01-04T00:00:00.000","107","BURGLARY","221","BURGLARY,RESIDENCE,DAY","COMPLETED","FELONY","MANHATTAN","INSIDE","RESIDENCE - APT. HOUSE","N.Y. POLICE DEPT","0","(null)","(null)","(null)","1000854","239090","(null)","(null)","(null)",,"40.822909","-73.940006","(40.822909, -73.940006)","PATROL BORO MAN NORTH","(null)","25-44","WHITE","F"
"10006793","2006-01-02T00:00:00.000","22:00:00","2006-01-02T00:00:00.000","23:59:00","32","2006-01-03T00:00:00.000","361","OFF. AGNST PUB ORD SENSBLTY &","639","AGGRAVATED HARASSMENT 2","COMPLETED","MISDEMEANOR","MANHATTAN","INSIDE","RESIDENCE - APT. HOUSE","N.Y. POLICE DEPT","0","(null)","(null)","(null)","1000980","239318","(null)","UNKNOWN","U",,"40.823533","-73.939551","(40.823533, -73.939551)","PATROL BORO MAN NORTH","(null)","45-64","BLACK","F"
"10006794","2006-01-03T00:00:00.000","12:00:00",,"(null)","32","2006-01-03T00:00:00.000","578","HARRASSMENT 2","638","HARASSMENT,SUBD 3,4,5","COMPLETED","VIOLATION","MANHATTAN","INSIDE","RESIDENCE - PUBLIC HOUSING","N.Y. HOUSING POLICE","2","(null)","(null)","4574","1002113","242932","(null)","BLACK","M",,"40.833452","-73.935448","(40.833452, -73.935448)","PATROL BORO MAN NORTH","(null)","45-64","BLACK","M"
"10006795","2006-01-01T00:00:00.000","04:55:00","2006-01-01T00:00:00.000","05:10:00","32","2006-01-04T00:00:00.000","578","HARRASSMENT 2","637","HARASSMENT,SUBD 1,CIVILIAN","COMPLETED","VIOLATION","MANHATTAN","INSIDE","RESIDENCE - PUBLIC HOUSING","N.Y. HOUSING POLICE","2","(null)","(null)","702","1000000","238478","(null)","WHITE HISPANIC","M",,"40.821229","-73.943093","(40.821229, -73.943093)","PATROL BORO MAN NORTH","(null)","25-44","WHITE HISPANIC","F"
"10006796","2006-01-05T00:00:00.000","04:15:00","2006-01-05T00:00:00.000","04:26:00","32","2006-01-05T00:00:00.000","347","INTOXICATED & IMPAIRED DRIVING","905","INTOXICATED DRIVING,ALCOHOL","COMPLETED","MISDEMEANOR","MANHATTAN","FRONT OF","STREET","N.Y. POLICE DEPT","0","(null)","(null)","(null)","999358","236472","(null)","(null)","(null)",,"40.81573216","-73.94541995","(40.81573216, -73.94541995)","PATROL BORO MAN NORTH","(null)","(null)","UNKNOWN","E"
"10006797","2006-01-04T00:00:00.000","18:30:00",,"(null)","32","2006-01-04T00:00:00.000","578","HARRASSMENT 2","638","HARASSMENT,SUBD 3,4,5","COMPLETED","VIOLATION","MANHATTAN","(null)","STREET","N.Y. POLICE DEPT","0","(null)","(null)","(null)","998031","234924","(null)","BLACK","M",,"40.81147711","-73.95021623","(40.81147711, -73.95021623)","PATROL BORO MAN NORTH","(null)","25-44","UNKNOWN","F"
"10006798","2006-01-04T00:00:00.000","23:15:00","2006-01-04T00:00:00.000","23:30:00","32","2006-01-04T00:00:00.000","578","HARRASSMENT 2","637","HARASSMENT,SUBD 1,CIVILIAN","COMPLETED","VIOLATION","MANHATTAN","INSIDE","RESIDENCE - PUBLIC HOUSING","N.Y. HOUSING POLICE","2","(null)","(null)","702","1000126","238705","25-44","WHITE HISPANIC","M",,"40.821853","-73.942638","(40.821853, -73.942638)","PATROL BORO MAN NORTH","(null)","25-44","WHITE HISPANIC","F"
"10006801","2006-01-04T00:00:00.000","23:15:00",,"(null)","32","2006-01-04T00:00:00.000","578","HARRASSMENT 2","638","HARASSMENT,SUBD 3,4,5","COMPLETED","VIOLATION","MANHATTAN","INSIDE","RESIDENCE - PUBLIC HOUSING","N.Y. POLICE DEPT","0","(null)","(null)","(null)","1001232","239773","18-24","BLACK","M",,"40.824782","-73.938638","(40.824782, -73.938638)","PATROL BORO MAN NORTH","(null)","18-24","BLACK HISPANIC","F"
"10006802","2006-01-04T00:00:00.000","23:15:00",,"(null)","32","2006-01-04T00:00:00.000","361","OFF. AGNST PUB ORD SENSBLTY &","639","AGGRAVATED HARASSMENT 2","COMPLETED","MISDEMEANOR","MANHATTAN","INSIDE","RESIDENCE - APT. HOUSE","N.Y. POLICE DEPT","0","(null)","(null)","(null)","1001232","239773","18-24","BLACK","F",,"40.824782","-73.938638","(40.824782, -73.938638)","PATROL BORO MAN NORTH","(null)","18-24","BLACK HISPANIC","F"
"10006803","2006-01-05T00:00:00.000","13:55:00",,"(null)","32","2006-01-05T00:00:00.000","352","CRIMINAL TRESPASS","205","TRESPASS 2, CRIMINAL","COMPLETED","MISDEMEANOR","MANHATTAN","INSIDE","RESIDENCE - APT. HOUSE","N.Y. HOUSING POLICE","2","(null)","(null)","702","1000662","237815","(null)","(null)","(null)",,"40.819408","-73.940703","(40.819408, -73.940703)","PATROL BORO MAN NORTH","(null)","(null)","UNKNOWN","E"
"10006804","2006-01-05T00:00:00.000","16:55:00",,"(null)","32","2006-01-05T00:00:00.000","235","DANGEROUS DRUGS","567","MARIJUANA, POSSESSION 4 & 5","COMPLETED","MISDEMEANOR","MANHATTAN","FRONT OF","RESIDENCE - PUBLIC HOUSING","N.Y. HOUSING POLICE","2","(null)","(null)","713","1000787","238042","(null)","(null)","(null)",,"40.820031","-73.94025","(40.820031, -73.94025)","PATROL BORO MAN NORTH","(null)","(null)","UNKNOWN","E"
"10006805","2005-12-09T00:00:00.000","00:01:00",,"(null)","32","2006-01-03T00:00:00.000","109","GRAND LARCENY","405","LARCENY,GRAND BY THEFT OF CREDIT CARD","COMPLETED","FELONY","MANHATTAN","INSIDE","RESIDENCE - APT. HOUSE","N.Y. POLICE DEPT","0","(null)","(null)","(null)","1001324","237153","(null)","(null)","(null)",,"40.817591","-73.938313","(40.817591, -73.938313)","PATROL BORO MAN NORTH","(null)","(null)","BLACK","F"
"10006806","2006-01-05T00:00:00.000","18:10:00","2006-01-05T00:00:00.000","18:20:00","32","2006-01-05T00:00:00.000","105","ROBBERY","397","ROBBERY,OPEN AREA UNCLASSIFIED","COMPLETED","FELONY","MANHATTAN","FRONT OF","RESIDENCE - PUBLIC HOUSING","N.Y. HOUSING POLICE","2","(null)","(null)","4613","998424","234705","(null)","(null)","(null)",,"40.810878","-73.948794","(40.810878, -73.948794)","PATROL BORO MAN NORTH","(null)","<18","BLACK","M"
"10006807","2005-12-30T00:00:00.000","16:20:00",,"(null)","32","2006-01-04T00:00:00.000","341","PETIT LARCENY","338","LARCENY,PETIT FROM BUILDING,UN","COMPLETED","MISDEMEANOR","MANHATTAN","(null)","BEAUTY & NAIL SALON","N.Y. POLICE DEPT","0","(null)","(null)","(null)","1000977","238383","(null)","(null)","(null)",,"40.82096601","-73.93956521","(40.82096601, -73.93956521)","PATROL BORO MAN NORTH","(null)","<18","BLACK","F"
"10006808","2006-01-05T00:00:00.000","15:00:00",,"(null)","32","2006-01-05T00:00:00.000","341","PETIT LARCENY","338","LARCENY,PETIT FROM BUILDING,UN","COMPLETED","MISDEMEANOR","MANHATTAN","INSIDE","DRY CLEANER/LAUNDRY","N.Y. POLICE DEPT","0","(null)","(null)","(null)","999113","236878","(null)","(null)","(null)",,"40.816839","-73.946301","(40.816839, -73.946301)","PATROL BORO MAN NORTH","(null)","(null)","UNKNOWN","D"
"10006809","2005-12-25T00:00:00.000","01:00:00","2005-12-25T00:00:00.000","03:00:00","32","2006-01-05T00:00:00.000","110","GRAND LARCENY OF MOTOR VEHICLE","455","LARCENY,GRAND OF TRUCK","COMPLETED","FELONY","MANHATTAN","(null)","STREET","N.Y. POLICE DEPT","0","(null)","(null)","(null)","1001901","238191","(null)","(null)","(null)",,"40.82043723","-73.9362273","(40.82043723, -73.9362273)","PATROL BORO MAN NORTH","(null)","(null)","UNKNOWN","F"
"10006810","2006-01-04T00:00:00.000","02:00:00","2006-01-04T00:00:00.000","02:15:00","32","2006-01-04T00:00:00.000","344","ASSAULT 3 & RELATED OFFENSES","101","ASSAULT 3","COMPLETED","MISDEMEANOR","MANHATTAN","FRONT OF","RESIDENCE - APT. HOUSE","N.Y. POLICE DEPT","0","(null)","(null)","(null)","1001072","236699","25-44","BLACK","M",,"40.816344","-73.939224","(40.816344, -73.939224)","PATROL BORO MAN NORTH","(null)","25-44","BLACK","F"
"10006811","2006-01-03T00:00:00.000","13:00:00",,"(null)","32","2006-01-05T00:00:00.000","109","GRAND LARCENY","438","LARCENY,GRAND FROM BUILDING (NON-RESIDENCE) UNATTENDED","COMPLETED","FELONY","MANHATTAN","FRONT OF","STREET","N.Y. POLICE DEPT","0","(null)","(null)","(null)","999181","237001","(null)","(null)","(null)",,"40.81717603","-73.94605725","(40.81717603, -73.94605725)","PATROL BORO MAN NORTH","(null)","45-64","WHITE HISPANIC","M"
"10006812","2006-01-05T00:00:00.000","13:00:00",,"(null)","32","2006-01-05T00:00:00.000","121","CRIMINAL MISCHIEF & RELATED OF","269","MISCHIEF,CRIMINAL,    UNCL 2ND","COMPLETED","FELONY","MANHATTAN","FRONT OF","STREET","N.Y. HOUSING POLICE","2","(null)","(null)","4594","1000535","237587","(null)","(null)","(null)",,"40.818784","-73.941161","(40.818784, -73.941161)","PATROL BORO MAN NORTH","(null)","(null)","UNKNOWN","D"
"10006813","2006-01-05T00:00:00.000","18:10:00",,"(null)","32","2006-01-05T00:00:00.000","578","HARRASSMENT 2","638","HARASSMENT,SUBD 3,4,5","COMPLETED","VIOLATION","MANHATTAN","INSIDE","STORAGE FACILITY","N.Y. POLICE DEPT","0","(null)","(null)","(null)","1002041","237495","(null)","BLACK","M",,"40.818528","-73.935722","(40.818528, -73.935722)","PATROL BORO MAN NORTH","(null)","18-24","BLACK","F"
"10006814","2006-01-03T00:00:00.000","20:57:00","2006-01-03T00:00:00.000","20:57:00","32","2006-01-05T00:00:00.000","361","OFF. AGNST PUB ORD SENSBLTY &","639","AGGRAVATED HARASSMENT 2","COMPLETED","MISDEMEANOR","MANHATTAN","INSIDE","RESIDENCE - APT. HOUSE","N.Y. POLICE DEPT","0","(null)","(null)","(null)","1001447","237377","25-44","BLACK","M",,"40.818206","-73.937866","(40.818206, -73.937866)","PATROL BORO MAN NORTH","(null)","25-44","BLACK","M"
"10006815","2006-01-04T00:00:00.000","16:10:00","2006-01-04T00:00:00.000","16:20:00","32","2006-01-05T00:00:00.000","105","ROBBERY","397","ROBBERY,OPEN AREA UNCLASSIFIED","COMPLETED","FELONY","MANHATTAN","(null)","TRANSIT - NYC SUBWAY","N.Y. TRANSIT POLICE","1","(null)","(null)","(null)","1001611","241370","(null)","(null)","(null)","3","40.82916325","-73.93726683","(40.82916325, -73.93726683)","PATROL BORO MAN NORTH","155 STREET","<18","BLACK","M"
"10006816","2006-01-05T00:00:00.000","20:00:00",,"(null)","32","2006-01-05T00:00:00.000","126","MISCELLANEOUS PENAL LAW","198","CRIMINAL CONTEMPT 1","COMPLETED","FELONY","MANHATTAN","INSIDE","RESIDENCE - PUBLIC HOUSING","N.Y. HOUSING POLICE","2","(null)","(null)","748","998674","235156","(null)","(null)","(null)",,"40.812114","-73.947891","(40.812114, -73.947891)","PATROL BORO MAN NORTH","(null)","25-44","BLACK","M"
"10006817","2006-01-05T00:00:00.000","20:50:00","2006-01-05T00:00:00.000","20:58:00","32","2006-01-05T00:00:00.000","344","ASSAULT 3 & RELATED OFFENSES","101","ASSAULT 3","COMPLETED","MISDEMEANOR","MANHATTAN","FRONT OF","CHECK CASHING BUSINESS","N.Y. POLICE DEPT","0","(null)","(null)","(null)","1000964","240134","(null)","BLACK","M",,"40.825773","-73.939605","(40.825773, -73.939605)","PATROL BORO MAN NORTH","(null)","25-44","BLACK","M"
"10006818","2006-01-05T00:00:00.000","10:45:00",,"(null)","33","2006-01-05T00:00:00.000","235","DANGEROUS DRUGS","567","MARIJUANA, POSSESSION 4 & 5","COMPLETED","MISDEMEANOR","MANHATTAN","FRONT OF","STREET","N.Y. POLICE DEPT","0","(null)","(null)","(null)","1001640","244651","(null)","(null)","(null)",,"40.83817","-73.937151","(40.83817, -73.937151)","PATROL BORO MAN NORTH","(null)","(null)","UNKNOWN","E"
"10006819","2006-01-05T00:00:00.000","10:50:00","2006-01-05T00:00:00.000","10:50:00","33","2006-01-05T00:00:00.000","352","CRIMINAL TRESPASS","205","TRESPASS 2, CRIMINAL","COMPLETED","MISDEMEANOR","MANHATTAN","INSIDE","RESIDENCE - PUBLIC HOUSING","N.Y. HOUSING POLICE","2","(null)","(null)","689","1000226","242603","(null)","(null)","(null)",,"40.832553","-73.942265","(40.832553, -73.942265)","PATROL BORO MAN NORTH","(null)","(null)","UNKNOWN","E"
"10006820","2006-01-05T00:00:00.000","15:30:00",,"(null)","33","2006-01-05T00:00:00.000","235","DANGEROUS DRUGS","567","MARIJUANA, POSSESSION 4 & 5","COMPLETED","MISDEMEANOR","MANHATTAN","INSIDE","STREET","N.Y. POLICE DEPT","0","(null)","(null)","(null)","1001764","247636","(null)","(null)","(null)",,"40.846364","-73.936696","(40.846364, -73.936696)","PATROL BORO MAN NORTH","(null)","(null)","UNKNOWN","E"
"10006821","2006-01-05T00:00:00.000","17:05:00",,"(null)","33","2006-01-05T00:00:00.000","113","FORGERY","729","FORGERY,ETC.,UNCLASSIFIED-FELO","COMPLETED","FELONY","MANHATTAN","(null)","TRANSIT - NYC SUBWAY","N.Y. TRANSIT POLICE","1","(null)","(null)","(null)","1000998","245665","(null)","(null)","(null)","3","40.84095296","-73.93947116","(40.84095296, -73.93947116)","PATROL BORO MAN NORTH","168 ST.-WASHINGTON HTS.","(null)","UNKNOWN","E"
"10006822","2006-01-05T00:00:00.000","19:18:00","2006-01-05T00:00:00.000","19:18:00","33","2006-01-05T00:00:00.000","106","FELONY ASSAULT","109","ASSAULT 2,1,UNCLASSIFIED","COMPLETED","FELONY","MANHATTAN","INSIDE","RESIDENCE - APT. HOUSE","N.Y. POLICE DEPT","0","(null)","(null)","(null)","1001481","246268","(null)","(null)","(null)",,"40.842608","-73.937724","(40.842608, -73.937724)","PATROL BORO MAN NORTH","(null)","18-24","WHITE HISPANIC","F"
"10006823","2005-01-05T00:00:00.000","22:07:00",,"(null)","33","2006-01-06T00:00:00.000","114","ARSON","263","ARSON 2,3,4","COMPLETED","FELONY","MANHATTAN","INSIDE","RESIDENCE - APT. HOUSE","N.Y. POLICE DEPT","0","(null)","(null)","(null)","1002637","247901","(null)","(null)","(null)",,"40.847087","-73.93354","(40.847087, -73.93354)","PATROL BORO MAN NORTH","(null)","(null)","UNKNOWN","D"
"10006824","2006-01-04T00:00:00.000","19:20:00",,"(null)","33","2006-01-04T00:00:00.000","105","ROBBERY","397","ROBBERY,OPEN AREA UNCLASSIFIED","COMPLETED","FELONY","MANHATTAN","FRONT OF","STREET","N.Y. POLICE DEPT","0","(null)","(null)","(null)","1001348","246484","(null)","BLACK HISPANIC","M",,"40.843201","-73.938201","(40.843201, -73.938201)","PATROL BORO MAN NORTH","(null)","18-24","WHITE HISPANIC","M"
"10006825","2006-01-06T00:00:00.000","02:50:00",,"(null)","33","2006-01-06T00:00:00.000","121","CRIMINAL MISCHIEF & RELATED OF","269","MISCHIEF,CRIMINAL,    UNCL 2ND","COMPLETED","FELONY","MANHATTAN","INSIDE","GROCERY/BODEGA","N.Y. POLICE DEPT","0","(null)","(null)","(null)","1000568","245906","(null)","(null)","(null)",,"40.841616","-73.941022","(40.841616, -73.941022)","PATROL BORO MAN NORTH","(null)","(null)","UNKNOWN","D"
"10006826","2006-01-02T00:00:00.000","18:30:00",,"(null)","33","2006-01-05T00:00:00.000","578","HARRASSMENT 2","637","HARASSMENT,SUBD 1,CIVILIAN","COMPLETED","VIOLATION","MANHATTAN","INSIDE","RESIDENCE - APT. HOUSE","N.Y. POLICE DEPT","0","(null)","(null)","(null)","1000766","248387","18-24","WHITE HISPANIC","M",,"40.848425","-73.940301","(40.848425, -73.940301)","PATROL BORO MAN NORTH","(null)","18-24","WHITE HISPANIC","F"
"10006834","2006-01-06T00:00:00.000","14:30:00","2006-01-06T00:00:00.000","14:45:00","33","2006-01-06T00:00:00.000","107","BURGLARY","231","BURGLARY,TRUCK DAY","COMPLETED","FELONY","MANHATTAN","REAR OF","RESTAURANT/DINER","N.Y. POLICE DEPT","0","(null)","(null)","(null)","1000606","245143","(null)","(null)","(null)",,"40.839523","-73.940887","(40.839523, -73.940887)","PATROL BORO MAN NORTH","(null)","(null)","UNKNOWN","D"
"10006835","2006-01-06T00:00:00.000","18:20:00",,"(null)","33","2006-01-06T00:00:00.000","106","FELONY ASSAULT","109","ASSAULT 2,1,UNCLASSIFIED","COMPLETED","FELONY","MANHATTAN","INSIDE","RESIDENCE - APT. HOUSE","N.Y. POLICE DEPT","0","(null)","(null)","(null)","1000137","246866","(null)","(null)","(null)",,"40.844251","-73.942577","(40.844251, -73.942577)","PATROL BORO MAN NORTH","(null)","25-44","WHITE HISPANIC","F"
"10006837","2006-01-05T00:00:00.000","07:30:00","2006-01-05T00:00:00.000","16:30:00","33","2006-01-05T00:00:00.000","351","CRIMINAL MISCHIEF & RELATED OF","254","MISCHIEF, CRIMINAL 4, OF MOTOR","COMPLETED","MISDEMEANOR","MANHATTAN","(null)","STREET","N.Y. POLICE DEPT","0","(null)","(null)","(null)","1001779","244833","(null)","(null)","(null)",,"40.83866785","-73.93665073","(40.83866785, -73.93665073)","PATROL BORO MAN NORTH","(null)","18-24","WHITE HISPANIC","F"
"10006846","2006-01-04T00:00:00.000","22:05:00","2006-01-04T00:00:00.000","22:10:00","34","2006-01-04T00:00:00.000","233","SEX CRIMES","170","SEXUAL MISCONDUCT,INTERCOURSE","COMPLETED","MISDEMEANOR","MANHATTAN","(null)","OTHER","N.Y. POLICE DEPT","0","(null)","(null)","(null)","1002173","249401","(null)","(null)","(null)",,"40.8512131676868","-73.9352160519866","(40.8512131676868, -73.9352160519866)","PATROL BORO MAN NORTH","(null)","18-24","WHITE HISPANIC","F"
"10006847","2006-01-05T00:00:00.000","00:58:00","2006-01-05T00:00:00.000","01:01:00","34","2006-01-05T00:00:00.000","236","DANGEROUS WEAPONS","782","WEAPONS, POSSESSION, ETC","COMPLETED","MISDEMEANOR","MANHATTAN","(null)","STREET","N.Y. POLICE DEPT","0","(null)","(null)","(null)","1006670","254235","(null)","(null)","(null)",,"40.86446248","-73.91894337","(40.86446248, -73.91894337)","PATROL BORO MAN NORTH","(null)","(null)","UNKNOWN","E"
"10006848","2006-01-05T00:00:00.000","02:00:00",,"(null)","34","2006-01-05T00:00:00.000","340","FRAUDS","707","IMPERSONATION 2, PUBLIC SERVAN","COMPLETED","MISDEMEANOR","MANHATTAN","(null)","STREET","N.Y. POLICE DEPT","0","(null)","(null)","(null)","1003124","250494","(null)","(null)","(null)",,"40.85420285","-73.931774","(40.85420285, -73.931774)","PATROL BORO MAN NORTH","(null)","(null)","UNKNOWN","E"
"10006849","2005-07-03T00:00:00.000","00:01:00","2005-11-03T00:00:00.000","00:01:00","34","2006-01-04T00:00:00.000","109","GRAND LARCENY","419","LARCENY,GRAND FROM PERSON,UNCL","COMPLETED","FELONY","MANHATTAN","INSIDE","RESIDENCE - APT. HOUSE","N.Y. POLICE DEPT","0","(null)","(null)","(null)","1006120","253924","(null)","(null)","(null)",,"40.863613","-73.920931","(40.863613, -73.920931)","PATROL BORO MAN NORTH","(null)","45-64","WHITE HISPANIC","M"
"10006853","2005-12-01T00:00:00.000","12:00:00","2005-12-26T00:00:00.000","12:00:00","34","2006-01-04T00:00:00.000","109","GRAND LARCENY","413","LARCENY,GRAND BY FALSE PROMISE","COMPLETED","FELONY","MANHATTAN","INSIDE","RESIDENCE - APT. HOUSE","N.Y. POLICE DEPT","0","(null)","(null)","(null)","1001192","249341","(null)","BLACK","F",,"40.851044","-73.93876","(40.851044, -73.93876)","PATROL BORO MAN NORTH","(null)","25-44","WHITE","M"
"10006854","2006-01-03T00:00:00.000","22:00:00","2006-01-05T00:00:00.000","10:30:00","34","2006-01-05T00:00:00.000","361","OFF. AGNST PUB ORD SENSBLTY &","639","AGGRAVATED HARASSMENT 2","COMPLETED","MISDEMEANOR","MANHATTAN","INSIDE","OTHER","N.Y. POLICE DEPT","0","(null)","(null)","(null)","1004346","253729","(null)","ASIAN / PACIFIC ISLANDER","M",,"40.863082","-73.927344","(40.863082, -73.927344)","PATROL BORO MAN NORTH","(null)","18-24","ASIAN / PACIFIC ISLANDER","F"
"10006855","2006-01-04T00:00:00.000","06:50:00","2006-01-04T00:00:00.000","07:00:00","34","2006-01-04T00:00:00.000","578","HARRASSMENT 2","638","HARASSMENT,SUBD 3,4,5","COMPLETED","VIOLATION","MANHATTAN","(null)","OTHER","N.Y. POLICE DEPT","0","(null)","(null)","(null)","1005067","253188","(null)","BLACK HISPANIC","M",,"40.86159271","-73.92474206","(40.86159271, -73.92474206)","PATROL BORO MAN NORTH","(null)","25-44","WHITE HISPANIC","F"
"10006856","2006-01-02T00:00:00.000","19:30:00","2006-01-02T00:00:00.000","22:30:00","34","2006-01-02T00:00:00.000","578","HARRASSMENT 2","637","HARASSMENT,SUBD 1,CIVILIAN","COMPLETED","VIOLATION","MANHATTAN","INSIDE","OTHER","N.Y. POLICE DEPT","0","(null)","(null)","(null)","1006466","254541","(null)","BLACK HISPANIC","U",,"40.865303","-73.919679","(40.865303, -73.919679)","PATROL BORO MAN NORTH","(null)","25-44","BLACK HISPANIC","F"
"10006859","2006-01-03T00:00:00.000","07:30:00","2006-01-03T00:00:00.000","10:30:00","34","2006-01-04T00:00:00.000","341","PETIT LARCENY","338","LARCENY,PETIT FROM BUILDING,UN","COMPLETED","MISDEMEANOR","MANHATTAN","INSIDE","RESIDENCE - APT. HOUSE","N.Y. POLICE DEPT","0","(null)","(null)","(null)","1004298","254122","25-44","UNKNOWN","M",,"40.864158","-73.927516","(40.864158, -73.927516)","PATROL BORO MAN NORTH","(null)","45-64","BLACK HISPANIC","F"
"10006860","2006-01-04T00:00:00.000","17:30:00",,"(null)","34","2006-01-04T00:00:00.000","351","CRIMINAL MISCHIEF & RELATED OF","259","CRIMINAL MISCHIEF,UNCLASSIFIED 4","COMPLETED","MISDEMEANOR","MANHATTAN","INSIDE","RESIDENCE - APT. HOUSE","N.Y. POLICE DEPT","0","(null)","(null)","(null)","1002792","249893","(null)","(null)","(null)",,"40.852555","-73.932976","(40.852555, -73.932976)","PATROL BORO MAN NORTH","(null)","25-44","UNKNOWN","F"
"10006861","2006-01-04T00:00:00.000","19:00:00","2006-01-04T00:00:00.000","23:20:00","34","2006-01-04T00:00:00.000","361","OFF. AGNST PUB ORD SENSBLTY &","639","AGGRAVATED HARASSMENT 2","COMPLETED","MISDEMEANOR","MANHATTAN","INSIDE","OTHER","N.Y. POLICE DEPT","0","(null)","(null)","(null)","1000069","249132","25-44","BLACK","M",,"40.850473","-73.942819","(40.850473, -73.942819)","PATROL BORO MAN NORTH","(null)","25-44","WHITE","M"
"10006863","2006-01-05T00:00:00.000","11:30:00","2006-01-05T00:00:00.000","11:30:00","34","2006-01-05T00:00:00.000","106","FELONY ASSAULT","109","ASSAULT 2,1,UNCLASSIFIED","COMPLETED","FELONY","MANHATTAN","INSIDE","RESIDENCE - APT. HOUSE","N.Y. POLICE DEPT","0","(null)","(null)","(null)","1004456","254439","18-24","WHITE HISPANIC","M",,"40.865029","-73.926944","(40.865029, -73.926944)","PATROL BORO MAN NORTH","(null)","<18","WHITE HISPANIC","F"
"10006867","2006-01-05T00:00:00.000","07:25:00","2006-01-05T00:00:00.000","16:17:00","34","2006-01-05T00:00:00.000","107","BURGLARY","221","BURGLARY,RESIDENCE,DAY","COMPLETED","FELONY","MANHATTAN","INSIDE","RESIDENCE - APT. HOUSE","N.Y. POLICE DEPT","0","(null)","(null)","(null)","1004483","251754","(null)","(null)","(null)",,"40.857661","-73.926854","(40.857661, -73.926854)","PATROL BORO MAN NORTH","(null)","25-44","BLACK HISPANIC","F"
"10006869","2006-01-04T00:00:00.000","17:30:00","2006-01-04T00:00:00.000","18:00:00","34","2006-01-05T00:00:00.000","109","GRAND LARCENY","405","LARCENY,GRAND BY THEFT OF CREDIT CARD","COMPLETED","FELONY","MANHATTAN","(null)","STREET","N.Y. POLICE DEPT","0","(null)","(null)","(null)","1000789","249447","(null)","(null)","(null)",,"40.85133383","-73.94021717","(40.85133383, -73.94021717)","PATROL BORO MAN NORTH","(null)","18-24","WHITE HISPANIC","F"
"10006870","2006-01-04T00:00:00.000","20:00:00","2006-01-05T00:00:00.000","12:40:00","34","2006-01-05T00:00:00.000","351","CRIMINAL MISCHIEF & RELATED OF","254","MISCHIEF, CRIMINAL 4, OF MOTOR","COMPLETED","MISDEMEANOR","MANHATTAN","FRONT OF","STREET","N.Y. POLICE DEPT","0","(null)","(null)","(null)","1005112","255330","(null)","(null)","(null)",,"40.867474","-73.924572","(40.867474, -73.924572)","PATROL BORO MAN NORTH","(null)","25-44","WHITE HISPANIC","M"
"10006871","2006-01-04T00:00:00.000","19:00:00","2006-01-04T00:00:00.000","21:00:00","34","2006-01-05T00:00:00.000","361","OFF. AGNST PUB ORD SENSBLTY &","639","AGGRAVATED HARASSMENT 2","COMPLETED","MISDEMEANOR","MANHATTAN","INSIDE","RESIDENCE - APT. HOUSE","N.Y. POLICE DEPT","0","(null)","(null)","(null)","1004201","255283","25-44","WHITE","F",,"40.867346","-73.927864","(40.867346, -73.927864)","PATROL BORO MAN NORTH","(null)","25-44","WHITE","F"
"10006872","2006-01-01T00:00:00.000","03:00:00","2006-01-01T00:00:00.000","20:30:00","34","2006-01-01T00:00:00.000","341","PETIT LARCENY","321","LARCENY,PETIT FROM AUTO","COMPLETED","MISDEMEANOR","MANHATTAN","OPPOSITE OF","STREET","N.Y. POLICE DEPT","0","(null)","(null)","(null)","1005771","253979","(null)","(null)","(null)",,"40.863764","-73.922193","(40.863764, -73.922193)","PATROL BORO MAN NORTH","(null)","25-44","WHITE HISPANIC","F"
"10006873","2005-12-26T00:00:00.000","00:15:00","2005-12-26T00:00:00.000","00:30:00","34","2006-01-05T00:00:00.000","351","CRIMINAL MISCHIEF & RELATED OF","259","CRIMINAL MISCHIEF,UNCLASSIFIED 4","COMPLETED","MISDEMEANOR","MANHATTAN","INSIDE","TRANSIT FACILITY (OTHER)","N.Y. POLICE DEPT","0","(null)","(null)","(null)","1007257","255280","(null)","(null)","(null)",,"40.86733","-73.916816","(40.86733, -73.916816)","PATROL BORO MAN NORTH","(null)","(null)","UNKNOWN","D"
"10006874","2006-01-02T00:00:00.000","12:00:00","2006-01-02T00:00:00.000","13:00:00","34","2006-01-04T00:00:00.000","341","PETIT LARCENY","339","LARCENY,PETIT FROM OPEN AREAS,","COMPLETED","MISDEMEANOR","MANHATTAN","INSIDE","RESIDENCE - APT. HOUSE","N.Y. HOUSING POLICE","2","(null)","(null)","706","1005377","253337","(null)","(null)","(null)",,"40.862003","-73.923618","(40.862003, -73.923618)","PATROL BORO MAN NORTH","(null)","65+","BLACK","M"
"10006875","2006-01-04T00:00:00.000","08:00:00","2006-01-04T00:00:00.000","13:00:00","34","2006-01-05T00:00:00.000","341","PETIT LARCENY","339","LARCENY,PETIT FROM OPEN AREAS,","COMPLETED","MISDEMEANOR","MANHATTAN","INSIDE","RESIDENCE - APT. HOUSE","N.Y. POLICE DEPT","0","(null)","(null)","(null)","1002635","248354","(null)","(null)","(null)",,"40.848332","-73.933545","(40.848332, -73.933545)","PATROL BORO MAN NORTH","(null)","65+","WHITE HISPANIC","M"
"10006876","2006-01-04T00:00:00.000","00:30:00","2006-01-05T00:00:00.000","09:05:00","34","2006-01-05T00:00:00.000","341","PETIT LARCENY","321","LARCENY,PETIT FROM AUTO","COMPLETED","MISDEMEANOR","MANHATTAN","(null)","STREET","N.Y. POLICE DEPT","0","(null)","(null)","(null)","1002105","249501","(null)","(null)","(null)",,"40.85148801","-73.93545809","(40.85148801, -73.93545809)","PATROL BORO MAN NORTH","(null)","45-64","WHITE HISPANIC","M"
"10006880","2006-01-04T00:00:00.000","07:40:00",,"(null)","34","2006-01-04T00:00:00.000","360","(null)","661","LEWDNESS,PUBLIC","COMPLETED","MISDEMEANOR","MANHATTAN","(null)","TRANSIT - NYC SUBWAY","N.Y. TRANSIT POLICE","1","(null)","(null)","(null)","1003844","250988","(null)","(null)","(null)","3","40.85555717","-73.9291699","(40.85555717, -73.9291699)","PATROL BORO MAN NORTH","191 STREET","<18","BLACK HISPANIC","F"
"10006881","2006-01-04T00:00:00.000","19:15:00","2006-01-04T00:00:00.000","19:22:00","40","2006-01-04T00:00:00.000","117","DANGEROUS DRUGS","512","CONTROLLED SUBSTANCE,SALE 1","ATTEMPTED","FELONY","BRONX","(null)","STREET","N.Y. POLICE DEPT","0","(null)","(null)","(null)","1005713","237323","(null)","(null)","(null)",,"40.81804637","-73.9224574","(40.81804637, -73.9224574)","PATROL BORO BRONX","(null)","(null)","UNKNOWN","M"
"10006884","2006-01-05T00:00:00.000","07:00:00",,"(null)","40","2006-01-05T00:00:00.000","126","MISCELLANEOUS PENAL LAW","198","CRIMINAL CONTEMPT 1","COMPLETED","FELONY","BRONX","OPPOSITE OF","STREET","N.Y. POLICE DEPT","0","(null)","(null)","(null)","1007372","232751","(null)","(null)","(null)",,"40.805495","-73.916477","(40.805495, -73.916477)","PATROL BORO BRONX","(null)","25-44","WHITE HISPANIC","F"
"10006885","2006-01-01T00:00:00.000","20:45:00",,"(null)",,"2006-01-01T00:00:00.000","351","CRIMINAL MISCHIEF & RELATED OF","254","MISCHIEF, CRIMINAL 4, OF MOTOR","COMPLETED","MISDEMEANOR","BRONX","(null)","(null)","N.Y. POLICE DEPT","0","(null)","(null)","(null)",,,"(null)","(null)","(null)",,,,,"(null)","(null)","(null)","UNKNOWN","F"
"10006886","2006-01-01T00:00:00.000","01:30:00","2006-01-01T00:00:00.000","01:40:00","40","2006-01-01T00:00:00.000","121","CRIMINAL MISCHIEF & RELATED OF","267","MISCHIEF, CRIMINAL 3 & 2, OF M","COMPLETED","FELONY","BRONX","FRONT OF","STREET","N.Y. POLICE DEPT","0","(null)","(null)","(null)","1007345","236095","(null)","(null)","(null)",,"40.814673","-73.916564","(40.814673, -73.916564)","PATROL BORO BRONX","(null)","25-44","BLACK","M"
"10006887","2006-01-01T00:00:00.000","09:05:00","2006-01-01T00:00:00.000","09:07:00","40","2006-01-01T00:00:00.000","121","CRIMINAL MISCHIEF & RELATED OF","269","MISCHIEF,CRIMINAL,    UNCL 2ND","COMPLETED","FELONY","BRONX","INSIDE","GROCERY/BODEGA","N.Y. POLICE DEPT","0","(null)","(null)","(null)","1006718","233117","(null)","(null)","(null)",,"40.8065","-73.918838","(40.8065, -73.918838)","PATROL BORO BRONX","(null)","(null)","UNKNOWN","D"
"10006888","2006-01-02T00:00:00.000","14:50:00",,"(null)","40","2006-01-02T00:00:00.000","235","DANGEROUS DRUGS","511","CONTROLLED SUBSTANCE, POSSESSI","COMPLETED","MISDEMEANOR","BRONX","FRONT OF","STREET","N.Y. POLICE DEPT","0","(null)","(null)","(null)","1007850","232648","(null)","(null)","(null)",,"40.805211","-73.91475","(40.805211, -73.91475)","PATROL BORO BRONX","(null)","(null)","UNKNOWN","E"
"10006890","2006-01-03T00:00:00.000","09:21:00",,"(null)","40","2006-01-03T00:00:00.000","352","CRIMINAL TRESPASS","205","TRESPASS 2, CRIMINAL","COMPLETED","MISDEMEANOR","BRONX","INSIDE","RESIDENCE - PUBLIC HOUSING","N.Y. HOUSING POLICE","2","(null)","(null)","6133","1007096","239167","(null)","(null)","(null)",,"40.823107","-73.917453","(40.823107, -73.917453)","PATROL BORO BRONX","(null)","25-44","WHITE HISPANIC","F"
"10006891","2006-01-02T00:00:00.000","21:20:00",,"(null)","40","2006-01-03T00:00:00.000","126","MISCELLANEOUS PENAL LAW","198","CRIMINAL CONTEMPT 1","COMPLETED","FELONY","BRONX","(null)","HIGHWAY/PARKWAY","N.Y. POLICE DEPT","0","(null)","(null)","(null)","1004926","234532","25-44","BLACK HISPANIC","M",,"40.81039618","-73.92531074","(40.81039618, -73.92531074)","PATROL BORO BRONX","(null)","25-44","WHITE HISPANIC","M"
"10006893","2006-01-03T00:00:00.000","08:55:00",,"(null)","40","2006-01-03T00:00:00.000","105","ROBBERY","397","ROBBERY,OPEN AREA UNCLASSIFIED","COMPLETED","FELONY","BRONX","(null)","STREET","N.Y. POLICE DEPT","0","(null)","(null)","(null)","1007191","237130","(null)","BLACK","M",,"40.81751293","-73.91711827","(40.81751293, -73.91711827)","PATROL BORO BRONX","(null)","<18","WHITE HISPANIC","M"
"10006894","2006-01-03T00:00:00.000","10:30:00","2006-01-03T00:00:00.000","11:05:00","40","2006-01-03T00:00:00.000","344","ASSAULT 3 & RELATED OFFENSES","101","ASSAULT 3","COMPLETED","MISDEMEANOR","BRONX","INSIDE","RESIDENCE - APT. HOUSE","N.Y. POLICE DEPT","0","(null)","(null)","(null)","1008095","233594","(null)","(null)","(null)",,"40.807808","-73.913863","(40.807808, -73.913863)","PATROL BORO BRONX","(null)","18-24","BLACK","F"
"10006895","2006-01-03T00:00:00.000","14:00:00","2006-01-03T00:00:00.000","14:36:00","40","2006-01-03T00:00:00.000","364","OTHER STATE LAWS (NON PENAL LA","809","TAX LAW","COMPLETED","MISDEMEANOR","BRONX","(null)","STREET","N.Y. POLICE DEPT","0","(null)","(null)","(null)","1007046","236603","(null)","(null)","(null)",,"40.81606683","-73.91764392","(40.81606683, -73.91764392)","PATROL BORO BRONX","(null)","(null)","UNKNOWN","E"
"10006896","2006-01-03T00:00:00.000","13:40:00",,"(null)","40","2006-01-03T00:00:00.000","341","PETIT LARCENY","333","LARCENY,PETIT FROM STORE-SHOPL","COMPLETED","MISDEMEANOR","BRONX","INSIDE","DRUG STORE","N.Y. POLICE DEPT","0","(null)","(null)","(null)","1006762","236697","25-44","BLACK HISPANIC","F",,"40.816328","-73.918668","(40.816328, -73.918668)","PATROL BORO BRONX","(null)","(null)","UNKNOWN","D"
"10006899","2006-01-03T00:00:00.000","15:57:00",,"(null)","40","2006-01-03T00:00:00.000","235","DANGEROUS DRUGS","511","CONTROLLED SUBSTANCE, POSSESSI","COMPLETED","MISDEMEANOR","BRONX","(null)","RESIDENCE - APT. HOUSE","N.Y. POLICE DEPT","0","(null)","(null)","(null)","1006789","237559","(null)","(null)","(null)",,"40.81869144","-73.91856919","(40.81869144, -73.91856919)","PATROL BORO BRONX","(null)","(null)","UNKNOWN","E"
"10006900","2006-01-01T00:00:00.000","13:00:00","2006-01-03T00:00:00.000","17:57:00","40","2006-01-03T00:00:00.000","106","FELONY ASSAULT","109","ASSAULT 2,1,UNCLASSIFIED","COMPLETED","FELONY","BRONX","INSIDE","RESIDENCE - APT. HOUSE","N.Y. POLICE DEPT","0","(null)","(null)","(null)","1010155","236285","(null)","(null)","(null)",,"40.815187","-73.90641","(40.815187, -73.90641)","PATROL BORO BRONX","(null)","45-64","WHITE HISPANIC","F"
"10006903","2006-01-02T00:00:00.000","00:00:00","2006-01-02T00:00:00.000","00:20:00","40","2006-01-02T00:00:00.000","344","ASSAULT 3 & RELATED OFFENSES","101","ASSAULT 3","COMPLETED","MISDEMEANOR","BRONX","FRONT OF","STREET","N.Y. POLICE DEPT","0","(null)","(null)","(null)","1003974","235187","(null)","BLACK","M",,"40.812188","-73.928745","(40.812188, -73.928745)","PATROL BORO BRONX","(null)","18-24","BLACK","F"
"10006904","2005-01-02T00:00:00.000","05:10:00","2006-01-02T00:00:00.000","05:16:00","40","2006-01-02T00:00:00.000","344","ASSAULT 3 & RELATED OFFENSES","101","ASSAULT 3","COMPLETED","MISDEMEANOR","BRONX","(null)","STREET","N.Y. POLICE DEPT","0","(null)","(null)","(null)","1008312","238086","(null)","BLACK","M",,"40.82013389","-73.91306488","(40.82013389, -73.91306488)","PATROL BORO BRONX","(null)","25-44","BLACK","M"
"10006905","2006-01-02T00:00:00.000","22:02:00","2006-01-02T00:00:00.000","22:06:00","40","2006-01-02T00:00:00.000","126","MISCELLANEOUS PENAL LAW","198","CRIMINAL CONTEMPT 1","COMPLETED","FELONY","BRONX","FRONT OF","RESIDENCE - APT. HOUSE","N.Y. POLICE DEPT","0","(null)","(null)","(null)","1006499","233565","25-44","WHITE HISPANIC","M",,"40.80773","-73.91963","(40.80773, -73.91963)","PATROL BORO BRONX","(null)","25-44","WHITE HISPANIC","F"
"10006906","2006-01-01T00:00:00.000","21:00:00","2006-01-02T00:00:00.000","14:00:00","40","2006-01-02T00:00:00.000","126","MISCELLANEOUS PENAL LAW","117","RECKLESS ENDANGERMENT 1","COMPLETED","FELONY","BRONX","INSIDE","RESIDENCE - PUBLIC HOUSING","N.Y. HOUSING POLICE","2","(null)","(null)","765","1010515","236824","(null)","(null)","(null)",,"40.816666","-73.905107","(40.816666, -73.905107)","PATROL BORO BRONX","(null)","(null)","UNKNOWN","M"
"10006907","2006-01-02T00:00:00.000","19:00:00","2006-01-02T00:00:00.000","22:20:00","40","2006-01-02T00:00:00.000","351","CRIMINAL MISCHIEF & RELATED OF","254","MISCHIEF, CRIMINAL 4, OF MOTOR","COMPLETED","MISDEMEANOR","BRONX","(null)","STREET","N.Y. POLICE DEPT","0","(null)","(null)","(null)","1010003","235726","(null)","(null)","(null)",,"40.81365159","-73.90696442","(40.81365159, -73.90696442)","PATROL BORO BRONX","(null)","25-44","BLACK HISPANIC","M"
"10006908","2005-12-31T00:00:00.000","21:00:00","2006-01-01T00:00:00.000","09:58:00","40","2006-01-01T00:00:00.000","351","CRIMINAL MISCHIEF & RELATED OF","254","MISCHIEF, CRIMINAL 4, OF MOTOR","COMPLETED","MISDEMEANOR","BRONX","REAR OF","PARKING LOT/GARAGE (PUBLIC)","N.Y. POLICE DEPT","0","(null)","(null)","(null)","1010206","238119","(null)","(null)","(null)",,"40.820221","-73.906221","(40.820221, -73.906221)","PATROL BORO BRONX","(null)","25-44","WHITE HISPANIC","F"
"10006909","2006-01-01T00:00:00.000","20:00:00","2006-01-02T00:00:00.000","09:20:00","40","2006-01-02T00:00:00.000","341","PETIT LARCENY","321","LARCENY,PETIT FROM AUTO","COMPLETED","MISDEMEANOR","BRONX","FRONT OF","STREET","N.Y. POLICE DEPT","0","(null)","(null)","(null)","1004243","237140","(null)","(null)","(null)",,"40.817548","-73.927767","(40.817548, -73.927767)","PATROL BORO BRONX","(null)","25-44","BLACK HISPANIC","M"
"10006910","2005-01-04T00:00:00.000","00:04:00","2006-01-04T00:00:00.000","00:04:00","40","2006-01-04T00:00:00.000","352","CRIMINAL TRESPASS","205","TRESPASS 2, CRIMINAL","COMPLETED","MISDEMEANOR","BRONX","INSIDE","RESIDENCE - PUBLIC HOUSING","N.Y. HOUSING POLICE","2","(null)","(null)","14928","1005919","236106","(null)","(null)","(null)",,"40.814706","-73.921716","(40.814706, -73.921716)","PATROL BORO BRONX","(null)","(null)","UNKNOWN","E"
"10006911","2006-01-01T00:00:00.000","02:00:00","2006-01-01T00:00:00.000","02:40:00","40","2006-01-01T00:00:00.000","341","PETIT LARCENY","321","LARCENY,PETIT FROM AUTO","COMPLETED","MISDEMEANOR","BRONX","FRONT OF","STREET","N.Y. POLICE DEPT","0","(null)","(null)","(null)","1006648","237161","(null)","(null)","(null)",,"40.8176","-73.919079","(40.8176, -73.919079)","PATROL BORO BRONX","(null)","(null)","BLACK","M"
"10006912","2006-01-03T00:00:00.000","00:30:00",,"(null)","40","2006-01-04T00:00:00.000","236","DANGEROUS WEAPONS","782","WEAPONS, POSSESSION, ETC","COMPLETED","MISDEMEANOR","BRONX","INSIDE","RESIDENCE - PUBLIC HOUSING","N.Y. HOUSING POLICE","2","(null)","(null)","5140","1009877","237469","(null)","(null)","(null)",,"40.818437","-73.907411","(40.818437, -73.907411)","PATROL BORO BRONX","(null)","(null)","UNKNOWN","E"
"10006913","2005-01-03T00:00:00.000","23:55:00",,"(null)","40","2006-01-04T00:00:00.000","235","DANGEROUS DRUGS","567","MARIJUANA, POSSESSION 4 & 5","COMPLETED","MISDEMEANOR","BRONX","(null)","STREET","N.Y. POLICE DEPT","0","(null)","(null)","(null)","1005599","235599","(null)","(null)","(null)",,"40.81331475","-73.92287475","(40.81331475, -73.92287475)","PATROL BORO BRONX","(null)","(null)","UNKNOWN","E"
"10006914","2006-01-02T00:00:00.000","20:50:00",,"(null)","40","2006-01-02T00:00:00.000","351","CRIMINAL MISCHIEF & RELATED OF","254","MISCHIEF, CRIMINAL 4, OF MOTOR","COMPLETED","MISDEMEANOR","BRONX","(null)","STREET","N.Y. POLICE DEPT","0","(null)","(null)","(null)","1010511","235588","(null)","BLACK","F",,"40.81327132","-73.90512975","(40.81327132, -73.90512975)","PATROL BORO BRONX","(null)","25-44","WHITE HISPANIC","M"
"10006915","2006-01-03T00:00:00.000","06:00:00",,"(null)","40","2006-01-03T00:00:00.000","351","CRIMINAL MISCHIEF & RELATED OF","254","MISCHIEF, CRIMINAL 4, OF MOTOR","COMPLETED","MISDEMEANOR","BRONX","(null)","STREET","N.Y. POLICE DEPT","0","(null)","(null)","(null)","1010257","235657","(null)","(null)","(null)",,"40.81346146","-73.90604708","(40.81346146, -73.90604708)","PATROL BORO BRONX","(null)","18-24","WHITE HISPANIC","F"
"10006916","2006-01-02T00:00:00.000","08:00:00",,"(null)","40","2006-01-02T00:00:00.000","578","HARRASSMENT 2","637","HARASSMENT,SUBD 1,CIVILIAN","COMPLETED","VIOLATION","BRONX","INSIDE","RESIDENCE - APT. HOUSE","N.Y. POLICE DEPT","0","(null)","(null)","(null)","1008140","234041","25-44","BLACK HISPANIC","M",,"40.809034","-73.913698","(40.809034, -73.913698)","PATROL BORO BRONX","(null)","25-44","BLACK HISPANIC","F"
"10006917","2006-01-01T00:00:00.000","16:20:00",,"(null)","40","2006-01-01T00:00:00.000","578","HARRASSMENT 2","637","HARASSMENT,SUBD 1,CIVILIAN","COMPLETED","VIOLATION","BRONX","(null)","STREET","N.Y. POLICE DEPT","0","(null)","(null)","(null)","1005334","233593","18-24","WHITE HISPANIC","F",,"40.80780948","-73.92383839","(40.80780948, -73.92383839)","PATROL BORO BRONX","(null)","(null)","UNKNOWN","F"
"10006918","2006-01-03T00:00:00.000","23:00:00",,"(null)","40","2006-01-04T00:00:00.000","344","ASSAULT 3 & RELATED OFFENSES","101","ASSAULT 3","COMPLETED","MISDEMEANOR","BRONX","INSIDE","RESIDENCE - PUBLIC HOUSING","N.Y. HOUSING POLICE","2","(null)","(null)","846","1005407","235915","18-24","BLACK","M",,"40.814183","-73.923567","(40.814183, -73.923567)","PATROL BORO BRONX","(null)","18-24","WHITE HISPANIC","F"
