{
  "Assault": {
    "n_fitted": 1500,
    "T_days": 4412.620862927699,
    "markovian": {
      "aic": 5062.755475216429,
      "branching_ratio": 0.9723602492731419,
      "ks_pvalue": 0.8886747949951106,
      "kernel_params": [
        0.12134592959694152
      ],
      "baseline_params": [
        -4.547095409486685
      ]
    },
    "weibull_sin": {
      "aic": 4929.129112621974,
      "branching_ratio": 0.9646308687638979,
      "ks_pvalue": 0.08853409012452118,
      "kernel_params": [
        1.2782707031491451,
        10.464221075585863
      ],
      "baseline_params": [
        -270.1222339508143,
        0.041634337174412096,
        17.105053818455005,
        268.9020278761624
      ]
    },
    "delta_aic": 133.6263625944548
  },
  "AutoTheft": {
    "n_fitted": 1500,
    "T_days": 4412.620862927699,
    "markovian": {
      "aic": 4816.428328329765,
      "branching_ratio": 0.9717747216896085,
      "ks_pvalue": 0.8926862634339714,
      "kernel_params": [
        0.12419147590427121
      ],
      "baseline_params": [
        -4.510084030515438
      ]
    },
    "weibull_sin": {
      "aic": 4732.454967385402,
      "branching_ratio": 0.8135747316460579,
      "ks_pvalue": 0.60772439719492,
      "kernel_params": [
        1.148158936855614,
        7.404449378705032
      ],
      "baseline_params": [
        -4.239341735889775,
        0.8961040323654923,
        2.1564886056785264,
        0.7632688823104716
      ]
    },
    "delta_aic": 83.97336094436287
  },
  "BicycleTheft": {
    "n_fitted": 1500,
    "T_days": 4408.620862927699,
    "markovian": {
      "aic": 4767.1564651631925,
      "branching_ratio": 0.9692180781238733,
      "ks_pvalue": 0.6230411205918568,
      "kernel_params": [
        0.11924571667817135
      ],
      "baseline_params": [
        -4.534868796644412
      ]
    },
    "weibull_sin": {
      "aic": 4633.638903585348,
      "branching_ratio": 0.6673957946265652,
      "ks_pvalue": 0.5507934223321933,
      "kernel_params": [
        1.438642764547269,
        7.491927636511329
      ],
      "baseline_params": [
        -2.8994981431851263,
        -0.34157661280387625,
        2.052545826419523,
        -0.3754481872237515
      ]
    },
    "delta_aic": 133.5175615778444
  },
  "BreakandEnter": {
    "n_fitted": 1500,
    "T_days": 4413.620862927699,
    "markovian": {
      "aic": 5080.432796329144,
      "branching_ratio": 0.973102629130419,
      "ks_pvalue": 0.49894717756986084,
      "kernel_params": [
        0.1258983247691711
      ],
      "baseline_params": [
        -4.566234918352972
      ]
    },
    "weibull_sin": {
      "aic": 4949.021839879837,
      "branching_ratio": 0.9576238053295761,
      "ks_pvalue": 0.4325682304461578,
      "kernel_params": [
        1.2522318514887547,
        10.066418975343792
      ],
      "baseline_params": [
        -159.68445114157186,
        0.46982490310711866,
        16.484752611933885,
        157.82141513336288
      ]
    },
    "delta_aic": 131.41095644930738
  },
  "Homicides": {
    "n_fitted": 521,
    "T_days": 4400.814881356908,
    "markovian": {
      "aic": 2941.7850265718935,
      "branching_ratio": 0.8782094825181017,
      "ks_pvalue": 0.12196217483176852,
      "kernel_params": [
        0.08089803917314889
      ],
      "baseline_params": [
        -4.221046148995526
      ]
    },
    "weibull_sin": {
      "aic": 2860.959621013255,
      "branching_ratio": 0.5531396475020898,
      "ks_pvalue": 0.6682096874132528,
      "kernel_params": [
        0.7974012612367091,
        7.178384852796617
      ],
      "baseline_params": [
        -3.576816000852605,
        0.3287581426514537,
        1.454953362966367,
        -0.16724793033578778
      ]
    },
    "delta_aic": 80.82540555863852
  },
  "Robbery": {
    "n_fitted": 1500,
    "T_days": 4403.620862927699,
    "markovian": {
      "aic": 5050.607867442519,
      "branching_ratio": 0.972220546986709,
      "ks_pvalue": 0.9082136342566786,
      "kernel_params": [
        0.1332081489569256
      ],
      "baseline_params": [
        -4.558034073776329
      ]
    },
    "weibull_sin": {
      "aic": 4965.8768010766635,
      "branching_ratio": 0.7635938988939777,
      "ks_pvalue": 0.8687983354074847,
      "kernel_params": [
        1.0095594633516276,
        6.206641939955862
      ],
      "baseline_params": [
        -3.139309414176575,
        -0.36786674088883714,
        1.945389656744275,
        0.2909730021394588
      ]
    },
    "delta_aic": 84.73106636585544
  },
  "ShootingAndFirearmDiscarges": {
    "n_fitted": 1500,
    "T_days": 4410.620862927699,
    "markovian": {
      "aic": 4901.106749268902,
      "branching_ratio": 0.972306965066871,
      "ks_pvalue": 0.35641480938503967,
      "kernel_params": [
        0.11955466632248318
      ],
      "baseline_params": [
        -4.536138998649371
      ]
    },
    "weibull_sin": {
      "aic": 4788.736999594881,
      "branching_ratio": 0.9594383530872208,
      "ks_pvalue": 0.06614374989344562,
      "kernel_params": [
        1.2250926618489855,
        10.172522052243743
      ],
      "baseline_params": [
        -82.71534426293573,
        0.11195866352111564,
        11.093328005988344,
        80.768767767466
      ]
    },
    "delta_aic": 112.36974967402057
  },
  "TheftFromMovingVehicle": {
    "n_fitted": 1500,
    "T_days": 4406.620862927699,
    "markovian": {
      "aic": 5059.231169315082,
      "branching_ratio": 0.9742523939577027,
      "ks_pvalue": 0.748977113224086,
      "kernel_params": [
        0.1257663592713834
      ],
      "baseline_params": [
        -4.569296581769484
      ]
    },
    "weibull_sin": {
      "aic": 4933.668461186722,
      "branching_ratio": 0.9482716708293162,
      "ks_pvalue": 0.643212585339616,
      "kernel_params": [
        1.178953677491183,
        9.97019736283102
      ],
      "baseline_params": [
        -67.49779350635247,
        -0.16233728875571538,
        10.046706939147294,
        65.82420224459926
      ]
    },
    "delta_aic": 125.5627081283601
  },
  "TheftOver": {
    "n_fitted": 1500,
    "T_days": 4413.620862927699,
    "markovian": {
      "aic": 5013.488952933902,
      "branching_ratio": 0.9717747149142786,
      "ks_pvalue": 0.7523817828703063,
      "kernel_params": [
        0.12860493667124076
      ],
      "baseline_params": [
        -4.524376542286158
      ]
    },
    "weibull_sin": {
      "aic": 4932.097829919015,
      "branching_ratio": 0.7873184658429964,
      "ks_pvalue": 0.6808401076004168,
      "kernel_params": [
        1.008929137449082,
        6.704421713029282
      ],
      "baseline_params": [
        -3.661156863293204,
        0.4645279036657934,
        1.966148370066132,
        0.2684318840623692
      ]
    },
    "delta_aic": 81.39112301488694
  }
}